<xml xmlns="http://www.w3.org/1999/xhtml">
  <block type="import_microbit" id="3n(YuoZmoQJUCB_=of0w" x="21" y="5">
    <next>
      <block type="equalsblock" id="gZb2Iu7m_jRJ*D}~jRa}">
        <field name="1">counter</field>
        <field name="2">0</field>
        <next>
          <block type="whileout" id="S9}ve)_QfZclw^P~J9`B">
            <value name="cond">
              <shadow type="textinline" id="~h5}Sg;toG)!.}l#/en-">
                <field name="text">True</field>
              </shadow>
            </value>
            <statement name="DO">
              <block type="ifinline" id="6IcAQBqRmPbH-kMA+)L-">
                <value name="iftext">
                  <shadow type="textinline" id="d#Y_U%+,(SQfpPQH=*7Z">
                    <field name="text">True</field>
                  </shadow>
                  <block type="internal" id="D*7TseSpV.=Q/=iO{@pJ">
                    <field name="choose">==</field>
                    <value name="first">
                      <shadow type="textinline" id="LAy7BD3c!4nLk`y]%hKU">
                        <field name="text">counter</field>
                      </shadow>
                    </value>
                    <value name="last">
                      <shadow type="textinline" id="%v]Gip@%*E)VZmE?_qVG">
                        <field name="text">0</field>
                      </shadow>
                    </value>
                  </block>
                </value>
                <statement name="ifstate">
                  <block type="writedigital" id="CyO{fTPGyXGG3ENT_T6P">
                    <field name="pinno">2</field>
                    <field name="digital">0</field>
                    <next>
                      <block type="writedigital" id="I=gV!D^_MAS=uU5a-_B@">
                        <field name="pinno">1</field>
                        <field name="digital">0</field>
                        <next>
                          <block type="writedigital" id="2^kHD7TpTs,)gzaVookd">
                            <field name="pinno">0</field>
                            <field name="digital">0</field>
                          </block>
                        </next>
                      </block>
                    </next>
                  </block>
                </statement>
                <next>
                  <block type="elifinline" id="*rE/l@;D6B/|SXUR8Vkj">
                    <value name="iftext">
                      <shadow type="textinline" id="#Fr_!4C.R`M3`S]p3wIU">
                        <field name="text">True</field>
                      </shadow>
                      <block type="internal" id="^gak@!Zm!xJ~SQ(2kJ%!">
                        <field name="choose">==</field>
                        <value name="first">
                          <shadow type="textinline" id="|KpAC0q#z{y#2kfMgvlO">
                            <field name="text">counter</field>
                          </shadow>
                        </value>
                        <value name="last">
                          <shadow type="textinline" id="QjAt[I^/J=Xemq/F8PHu">
                            <field name="text">1</field>
                          </shadow>
                        </value>
                      </block>
                    </value>
                    <statement name="ifstate">
                      <block type="writedigital" id="Ir|bcJBk8?zf~n_BMy~4">
                        <field name="pinno">2</field>
                        <field name="digital">1</field>
                        <next>
                          <block type="writedigital" id="nM^9%QvJ!OvvtUOC8ml*">
                            <field name="pinno">1</field>
                            <field name="digital">0</field>
                            <next>
                              <block type="writedigital" id="Q?tqf2tG.%/%i;GU]WYw">
                                <field name="pinno">0</field>
                                <field name="digital">0</field>
                              </block>
                            </next>
                          </block>
                        </next>
                      </block>
                    </statement>
                    <next>
                      <block type="elifinline" id=":c}EOJJ(25o}1FR@e|Fg">
                        <value name="iftext">
                          <shadow type="textinline" id="#Fr_!4C.R`M3`S]p3wIU">
                            <field name="text">True</field>
                          </shadow>
                          <block type="internal" id="Q@O0F)s|?n,LR4V:nZ(!">
                            <field name="choose">==</field>
                            <value name="first">
                              <shadow type="textinline" id=".#exP*{)FZ={:xN^tbQ)">
                                <field name="text">counter</field>
                              </shadow>
                            </value>
                            <value name="last">
                              <shadow type="textinline" id="a?+;78gS9C!K9iFQ]^aD">
                                <field name="text">2</field>
                              </shadow>
                            </value>
                          </block>
                        </value>
                        <statement name="ifstate">
                          <block type="writedigital" id="Uzr#A]RVBYbNjz/S2u`r">
                            <field name="pinno">2</field>
                            <field name="digital">0</field>
                            <next>
                              <block type="writedigital" id="?-F5,IgoDG^`e4P/%Xl-">
                                <field name="pinno">1</field>
                                <field name="digital">1</field>
                                <next>
                                  <block type="writedigital" id="U97GjW8/U?+J3/?ZY0#?">
                                    <field name="pinno">0</field>
                                    <field name="digital">0</field>
                                  </block>
                                </next>
                              </block>
                            </next>
                          </block>
                        </statement>
                        <next>
                          <block type="elifinline" id="Y]L[2T~E2sH[QGVIr./t">
                            <value name="iftext">
                              <shadow type="textinline" id="#Fr_!4C.R`M3`S]p3wIU">
                                <field name="text">True</field>
                              </shadow>
                              <block type="internal" id="tS(qlZy8v.G3To?*y*WS">
                                <field name="choose">==</field>
                                <value name="first">
                                  <shadow type="textinline" id="!@LMl3WYq^*8h5]pfJ{i">
                                    <field name="text">counter</field>
                                  </shadow>
                                </value>
                                <value name="last">
                                  <shadow type="textinline" id="!pK*6k(781?k@v+:V:1`">
                                    <field name="text">3</field>
                                  </shadow>
                                </value>
                              </block>
                            </value>
                            <statement name="ifstate">
                              <block type="writedigital" id="Xs@f5*J13U^jz7];|=#g">
                                <field name="pinno">2</field>
                                <field name="digital">1</field>
                                <next>
                                  <block type="writedigital" id="lptI.)OfZvO{+Dx3V!~n">
                                    <field name="pinno">1</field>
                                    <field name="digital">1</field>
                                    <next>
                                      <block type="writedigital" id="OOao;cTPZtzRV2z]-al{">
                                        <field name="pinno">0</field>
                                        <field name="digital">0</field>
                                      </block>
                                    </next>
                                  </block>
                                </next>
                              </block>
                            </statement>
                            <next>
                              <block type="elifinline" id="fG2spt`nnu94f{7~6K[J">
                                <value name="iftext">
                                  <shadow type="textinline" id="#Fr_!4C.R`M3`S]p3wIU">
                                    <field name="text">True</field>
                                  </shadow>
                                  <block type="internal" id="]4eManfhv,qj9e8}=bQ5">
                                    <field name="choose">==</field>
                                    <value name="first">
                                      <shadow type="textinline" id="N/HuRoFE0]^#xX5p.Q%l">
                                        <field name="text">counter</field>
                                      </shadow>
                                    </value>
                                    <value name="last">
                                      <shadow type="textinline" id="l{wmmv!k#]k9S)fB,lwZ">
                                        <field name="text">4</field>
                                      </shadow>
                                    </value>
                                  </block>
                                </value>
                                <statement name="ifstate">
                                  <block type="writedigital" id="3g)DhdqU2.1v9OjaS@[=">
                                    <field name="pinno">2</field>
                                    <field name="digital">0</field>
                                    <next>
                                      <block type="writedigital" id=":0F^hrdG##H[(?3VH@UW">
                                        <field name="pinno">1</field>
                                        <field name="digital">0</field>
                                        <next>
                                          <block type="writedigital" id="|C;UItHAn.KA*v{c`UQ=">
                                            <field name="pinno">0</field>
                                            <field name="digital">1</field>
                                          </block>
                                        </next>
                                      </block>
                                    </next>
                                  </block>
                                </statement>
                                <next>
                                  <block type="elifinline" id="c.(!o5?#NS2Y)qF3}d)t">
                                    <value name="iftext">
                                      <shadow type="textinline" id="#Fr_!4C.R`M3`S]p3wIU">
                                        <field name="text">True</field>
                                      </shadow>
                                      <block type="internal" id="cC|TR?MiJSmk%g_ylYjW">
                                        <field name="choose">==</field>
                                        <value name="first">
                                          <shadow type="textinline" id="7}52i{)xF0Ml(:FzYHhs">
                                            <field name="text">counter</field>
                                          </shadow>
                                        </value>
                                        <value name="last">
                                          <shadow type="textinline" id="u*XJa08KjwuYogJwWK;x">
                                            <field name="text">5</field>
                                          </shadow>
                                        </value>
                                      </block>
                                    </value>
                                    <statement name="ifstate">
                                      <block type="writedigital" id="Ij{wLQ^HmDu#HI`[:RIc">
                                        <field name="pinno">2</field>
                                        <field name="digital">1</field>
                                        <next>
                                          <block type="writedigital" id="FwRYwZdUT+FiWp3v-*pP">
                                            <field name="pinno">1</field>
                                            <field name="digital">0</field>
                                            <next>
                                              <block type="writedigital" id="R3/vf:|E.-=M1d,_X^5!">
                                                <field name="pinno">0</field>
                                                <field name="digital">1</field>
                                              </block>
                                            </next>
                                          </block>
                                        </next>
                                      </block>
                                    </statement>
                                    <next>
                                      <block type="elifinline" id="wK{dh#]s%c0.UISFIv]3">
                                        <value name="iftext">
                                          <shadow type="textinline" id="#Fr_!4C.R`M3`S]p3wIU">
                                            <field name="text">True</field>
                                          </shadow>
                                          <block type="internal" id="fda,GANjY~{_/ft*8)qA">
                                            <field name="choose">==</field>
                                            <value name="first">
                                              <shadow type="textinline" id="M4Xf?Ss1]IU11+C#s[`y">
                                                <field name="text">counter</field>
                                              </shadow>
                                            </value>
                                            <value name="last">
                                              <shadow type="textinline" id="aBK-0NvssK9lyi{f)A}Y">
                                                <field name="text">6</field>
                                              </shadow>
                                            </value>
                                          </block>
                                        </value>
                                        <statement name="ifstate">
                                          <block type="writedigital" id="siJ,G{xh!rkUF!|A2F[)">
                                            <field name="pinno">2</field>
                                            <field name="digital">0</field>
                                            <next>
                                              <block type="writedigital" id="#onX/mp@X#veR{+c#;dh">
                                                <field name="pinno">1</field>
                                                <field name="digital">1</field>
                                                <next>
                                                  <block type="writedigital" id="SPX;v|#)Pa.2_%tQp.tw">
                                                    <field name="pinno">0</field>
                                                    <field name="digital">1</field>
                                                  </block>
                                                </next>
                                              </block>
                                            </next>
                                          </block>
                                        </statement>
                                        <next>
                                          <block type="elifinline" id="HM)a9Wm)sn=Fg*JaO1VL">
                                            <value name="iftext">
                                              <shadow type="textinline" id="#Fr_!4C.R`M3`S]p3wIU">
                                                <field name="text">True</field>
                                              </shadow>
                                              <block type="internal" id="a(+;H7+3xwL~N=n|R))e">
                                                <field name="choose">==</field>
                                                <value name="first">
                                                  <shadow type="textinline" id="M{Szu^%h[%o)[POrjlrG">
                                                    <field name="text">counter</field>
                                                  </shadow>
                                                </value>
                                                <value name="last">
                                                  <shadow type="textinline" id=";F8p9WH1?bnn|gY}))zf">
                                                    <field name="text">7</field>
                                                  </shadow>
                                                </value>
                                              </block>
                                            </value>
                                            <statement name="ifstate">
                                              <block type="writedigital" id="I4O1mXJZLZOOTNRXT29L">
                                                <field name="pinno">2</field>
                                                <field name="digital">1</field>
                                                <next>
                                                  <block type="writedigital" id=".,V0TSEEIn1~L%7#aSO8">
                                                    <field name="pinno">1</field>
                                                    <field name="digital">1</field>
                                                    <next>
                                                      <block type="writedigital" id="4e4;4Y2-Eq_pOa%y}^Y3">
                                                        <field name="pinno">0</field>
                                                        <field name="digital">1</field>
                                                      </block>
                                                    </next>
                                                  </block>
                                                </next>
                                              </block>
                                            </statement>
                                            <next>
                                              <block type="else" id="ama`}joZIrkyYVeO6XQY">
                                                <statement name="DO">
                                                  <block type="for" id="iu0)k.KxG`}3(vQ+oO`/">
                                                    <field name="letter">i</field>
                                                    <field name="no">3</field>
                                                    <statement name="DO">
                                                      <block type="writedigital" id="Z}ovZW1~GabE0]l|R]+c">
                                                        <field name="pinno">2</field>
                                                        <field name="digital">1</field>
                                                        <next>
                                                          <block type="writedigital" id="QWf|PcTa8CvwJvQ8D375">
                                                            <field name="pinno">1</field>
                                                            <field name="digital">1</field>
                                                            <next>
                                                              <block type="writedigital" id="U#Ix`C%NdX9sTCDehHZ0">
                                                                <field name="pinno">0</field>
                                                                <field name="digital">1</field>
                                                                <next>
                                                                  <block type="sleep" id="2{)%hoT+ht;gZ22ky[0v">
                                                                    <field name="sleep">500</field>
                                                                    <next>
                                                                      <block type="writedigital" id="`dbtFI,jaNEh41(,Zb9X">
                                                                        <field name="pinno">2</field>
                                                                        <field name="digital">0</field>
                                                                        <next>
                                                                          <block type="writedigital" id="mRDWNfDtQIDU02r,g6TB">
                                                                            <field name="pinno">1</field>
                                                                            <field name="digital">0</field>
                                                                            <next>
                                                                              <block type="writedigital" id="8@=gCxU4)]%+E5~!vD3M">
                                                                                <field name="pinno">0</field>
                                                                                <field name="digital">0</field>
                                                                                <next>
                                                                                  <block type="sleep" id="x=Y%v^X9vJ:;ns.EFr9x">
                                                                                    <field name="sleep">500</field>
                                                                                    <next>
                                                                                      <block type="equalsblock" id="D0,FzTW3mBLO%#1GbXiV">
                                                                                        <field name="1">counter</field>
                                                                                        <field name="2">0</field>
                                                                                      </block>
                                                                                    </next>
                                                                                  </block>
                                                                                </next>
                                                                              </block>
                                                                            </next>
                                                                          </block>
                                                                        </next>
                                                                      </block>
                                                                    </next>
                                                                  </block>
                                                                </next>
                                                              </block>
                                                            </next>
                                                          </block>
                                                        </next>
                                                      </block>
                                                    </statement>
                                                  </block>
                                                </statement>
                                                <next>
                                                  <block type="ifinline" id="u5yoxk45=ID]=(gU|i^P">
                                                    <value name="iftext">
                                                      <shadow type="textinline" id="aUgNu2h2RGFbCGaDN,f/">
                                                        <field name="text">True</field>
                                                      </shadow>
                                                      <block type="internal" id="sZP6sU3!.uh?w9nVi7oA">
                                                        <field name="choose">and</field>
                                                        <value name="first">
                                                          <shadow type="textinline" id="^QfSEAm5(-S]W%!I7izZ">
                                                            <field name="text">0</field>
                                                          </shadow>
                                                          <block type="buttonispressed" id="%cclFJub@B3QZ`Q6TW%P">
                                                            <field name="NAME">a</field>
                                                          </block>
                                                        </value>
                                                        <value name="last">
                                                          <shadow type="textinline" id="-O9@p!^+MO?l;_(9*VXj">
                                                            <field name="text">0</field>
                                                          </shadow>
                                                          <block type="buttonispressed" id="#5?{5+o-1-`o|5K[-Qm(">
                                                            <field name="NAME">b</field>
                                                          </block>
                                                        </value>
                                                      </block>
                                                    </value>
                                                    <statement name="ifstate">
                                                      <block type="equalsblock" id="ssx}p1]7|6^(1su+cnSs">
                                                        <field name="1">counter</field>
                                                        <field name="2">0</field>
                                                      </block>
                                                    </statement>
                                                    <next>
                                                      <block type="elifinline" id="VbIsS:=n#Xg{0}^+2kgR">
                                                        <value name="iftext">
                                                          <shadow type="textinline" id="5)QUCVg/=C_[j%zfN2-8">
                                                            <field name="text">True</field>
                                                          </shadow>
                                                          <block type="buttonispressed" id="`1,ve.Kw_f`pUNW(Lm-^">
                                                            <field name="NAME">a</field>
                                                          </block>
                                                        </value>
                                                        <statement name="ifstate">
                                                          <block type="equalsblock" id="/09Q.NN,NB8bi{K`zd~?">
                                                            <field name="1">counter</field>
                                                            <field name="2">counter + 1</field>
                                                            <next>
                                                              <block type="ifinline" id="7dY:1@#SFk#mVA9=.juk">
                                                                <value name="iftext">
                                                                  <shadow type="textinline" id="+%[WN?!;p2J0DH?NnDv,">
                                                                    <field name="text">True</field>
                                                                  </shadow>
                                                                  <block type="internal" id="y5r{naOfq7o3AB#)]%-X">
                                                                    <field name="choose">&gt;</field>
                                                                    <value name="first">
                                                                      <shadow type="textinline" id="NSGQDzMa2249{}8:A|yQ">
                                                                        <field name="text">counter</field>
                                                                      </shadow>
                                                                    </value>
                                                                    <value name="last">
                                                                      <shadow type="textinline" id="t]^J:,45v,5jzCg(qcr1">
                                                                        <field name="text">7</field>
                                                                      </shadow>
                                                                    </value>
                                                                  </block>
                                                                </value>
                                                                <statement name="ifstate">
                                                                  <block type="equalsblock" id="L`X=tmWz66RW5Qa}QI/x">
                                                                    <field name="1">counter</field>
                                                                    <field name="2">7</field>
                                                                  </block>
                                                                </statement>
                                                              </block>
                                                            </next>
                                                          </block>
                                                        </statement>
                                                        <next>
                                                          <block type="elifinline" id="hn9G}|IppCf]2b}KEdI-">
                                                            <value name="iftext">
                                                              <shadow type="textinline" id="JI}?[=iro3-})X2sz@OV">
                                                                <field name="text">True</field>
                                                              </shadow>
                                                              <block type="buttonispressed" id="MC/a#u`z30TSov?*KEa=">
                                                                <field name="NAME">b</field>
                                                              </block>
                                                            </value>
                                                            <statement name="ifstate">
                                                              <block type="equalsblock" id="Z{eBda1,SQr{[G5t=y),">
                                                                <field name="1">counter</field>
                                                                <field name="2">counter - 1</field>
                                                                <next>
                                                                  <block type="ifinline" id="1GTLf%zP-br5_%00~#Wy">
                                                                    <value name="iftext">
                                                                      <shadow type="textinline" id="+%[WN?!;p2J0DH?NnDv,">
                                                                        <field name="text">True</field>
                                                                      </shadow>
                                                                      <block type="internal" id="ZEhBfW41wnYaY!W^m;lz">
                                                                        <field name="choose">&lt;</field>
                                                                        <value name="first">
                                                                          <shadow type="textinline" id="h}ij]4#8,Zd]?3!256!j">
                                                                            <field name="text">counter</field>
                                                                          </shadow>
                                                                        </value>
                                                                        <value name="last">
                                                                          <shadow type="textinline" id="{IYd4.`e[Wp9hS}tWuqO">
                                                                            <field name="text">0</field>
                                                                          </shadow>
                                                                        </value>
                                                                      </block>
                                                                    </value>
                                                                    <statement name="ifstate">
                                                                      <block type="equalsblock" id="l]x|ngjNkSx2TkFpDM^Q">
                                                                        <field name="1">counter</field>
                                                                        <field name="2">0</field>
                                                                      </block>
                                                                    </statement>
                                                                  </block>
                                                                </next>
                                                              </block>
                                                            </statement>
                                                            <next>
                                                              <block type="sleep" id="^`]|:1`0=o?1Tm0E-SEQ">
                                                                <field name="sleep">333</field>
                                                              </block>
                                                            </next>
                                                          </block>
                                                        </next>
                                                      </block>
                                                    </next>
                                                  </block>
                                                </next>
                                              </block>
                                            </next>
                                          </block>
                                        </next>
                                      </block>
                                    </next>
                                  </block>
                                </next>
                              </block>
                            </next>
                          </block>
                        </next>
                      </block>
                    </next>
                  </block>
                </next>
              </block>
            </statement>
          </block>
        </next>
      </block>
    </next>
  </block>
</xml>