<xml xmlns="http://www.w3.org/1999/xhtml">
  <block type="import_microbit" id="3n(YuoZmoQJUCB_=of0w" x="-104" y="-37">
    <next>
      <block type="equalsblock" id="gZb2Iu7m_jRJ*D}~jRa}">
        <field name="1">counter</field>
        <field name="2">0</field>
        <next>
          <block type="whileout" id="S9}ve)_QfZclw^P~J9`B">
            <value name="cond">
              <shadow type="textinline" id="~h5}Sg;toG)!.}l#/en-">
                <field name="text">True</field>
              </shadow>
            </value>
            <statement name="DO">
              <block type="ifinline" id="6IcAQBqRmPbH-kMA+)L-">
                <value name="iftext">
                  <shadow type="textinline" id="d#Y_U%+,(SQfpPQH=*7Z">
                    <field name="text">True</field>
                  </shadow>
                  <block type="internal" id="D*7TseSpV.=Q/=iO{@pJ">
                    <field name="choose">==</field>
                    <value name="first">
                      <shadow type="textinline" id="LAy7BD3c!4nLk`y]%hKU">
                        <field name="text">counter</field>
                      </shadow>
                    </value>
                    <value name="last">
                      <shadow type="textinline" id="%v]Gip@%*E)VZmE?_qVG">
                        <field name="text">0</field>
                      </shadow>
                    </value>
                  </block>
                </value>
                <statement name="ifstate">
                  <block type="setpixel" id="89-X55@YV~|@Vy2U%RM0">
                    <field name="setpix">4,0,0</field>
                    <next>
                      <block type="setpixel" id="@U@G0G5v]:#w1j8+dPHe">
                        <field name="setpix">3,0,0</field>
                        <next>
                          <block type="setpixel" id="QDWXrAQjf9^f`pl:5S]x">
                            <field name="setpix">2,0,0</field>
                            <next>
                              <block type="setpixel" id="aM_`u`)3)GZ[,yp!9N*d">
                                <field name="setpix">1,0,0</field>
                                <next>
                                  <block type="setpixel" id="c,N!)oI}WtneVBq4@QmA">
                                    <field name="setpix">0,0,0</field>
                                  </block>
                                </next>
                              </block>
                            </next>
                          </block>
                        </next>
                      </block>
                    </next>
                  </block>
                </statement>
                <next>
                  <block type="elifinline" id="*rE/l@;D6B/|SXUR8Vkj">
                    <value name="iftext">
                      <shadow type="textinline" id="#Fr_!4C.R`M3`S]p3wIU">
                        <field name="text">True</field>
                      </shadow>
                      <block type="internal" id="^gak@!Zm!xJ~SQ(2kJ%!">
                        <field name="choose">==</field>
                        <value name="first">
                          <shadow type="textinline" id="|KpAC0q#z{y#2kfMgvlO">
                            <field name="text">counter</field>
                          </shadow>
                        </value>
                        <value name="last">
                          <shadow type="textinline" id="QjAt[I^/J=Xemq/F8PHu">
                            <field name="text">1</field>
                          </shadow>
                        </value>
                      </block>
                    </value>
                    <statement name="ifstate">
                      <block type="setpixel" id="*ORt%CZsm:m%m,H}`wiY">
                        <field name="setpix">4,0,9</field>
                        <next>
                          <block type="setpixel" id="C0Avlq)[LS)^uo?!h_4|">
                            <field name="setpix">3,0,0</field>
                            <next>
                              <block type="setpixel" id="fPA,]~)vEzN(!!2I}uSF">
                                <field name="setpix">2,0,0</field>
                                <next>
                                  <block type="setpixel" id="VrE2s+]6!WJEtJ/AA+%a">
                                    <field name="setpix">1,0,0</field>
                                    <next>
                                      <block type="setpixel" id="q2W8/7zs|SSzTWBx+CqL">
                                        <field name="setpix">0,0,0</field>
                                      </block>
                                    </next>
                                  </block>
                                </next>
                              </block>
                            </next>
                          </block>
                        </next>
                      </block>
                    </statement>
                    <next>
                      <block type="elifinline" id="Idt0Rsj|U},:jG,h(pT|">
                        <value name="iftext">
                          <shadow type="textinline" id="#Fr_!4C.R`M3`S]p3wIU">
                            <field name="text">True</field>
                          </shadow>
                          <block type="internal" id="xVy^7EZ@)}{3G*^hiLZ%">
                            <field name="choose">==</field>
                            <value name="first">
                              <shadow type="textinline" id="[VJV-a%=eWeQ?6V(zHB_">
                                <field name="text">counter</field>
                              </shadow>
                            </value>
                            <value name="last">
                              <shadow type="textinline" id="nCenQk9Z!zmc}dv%cL6E">
                                <field name="text">2</field>
                              </shadow>
                            </value>
                          </block>
                        </value>
                        <statement name="ifstate">
                          <block type="setpixel" id="^nSF_yK4SrH8Oer]C6!B">
                            <field name="setpix">4,0,0</field>
                            <next>
                              <block type="setpixel" id="xnZVRQQaIh^`JTUx8tNn">
                                <field name="setpix">3,0,9</field>
                                <next>
                                  <block type="setpixel" id="f2#[NVKSF0h`1dtU`blC">
                                    <field name="setpix">2,0,0</field>
                                    <next>
                                      <block type="setpixel" id="-nq7/Q:pvY5jdH67%WtF">
                                        <field name="setpix">1,0,0</field>
                                        <next>
                                          <block type="setpixel" id="(0L!wNw#S7vJ^ty[@1-~">
                                            <field name="setpix">0,0,0</field>
                                          </block>
                                        </next>
                                      </block>
                                    </next>
                                  </block>
                                </next>
                              </block>
                            </next>
                          </block>
                        </statement>
                        <next>
                          <block type="elifinline" id="73~v2m+.RK7{*Z_aIh8q">
                            <value name="iftext">
                              <shadow type="textinline" id="#Fr_!4C.R`M3`S]p3wIU">
                                <field name="text">True</field>
                              </shadow>
                              <block type="internal" id="uOOp11)2QI-(W[,e=Jz+">
                                <field name="choose">==</field>
                                <value name="first">
                                  <shadow type="textinline" id="o]X}::QV%arITRy4)]sM">
                                    <field name="text">counter</field>
                                  </shadow>
                                </value>
                                <value name="last">
                                  <shadow type="textinline" id="j{K,iWt}wW;G.#MP|:-!">
                                    <field name="text">3</field>
                                  </shadow>
                                </value>
                              </block>
                            </value>
                            <statement name="ifstate">
                              <block type="setpixel" id="7{5)=8:rrmGL,I+1u4.i">
                                <field name="setpix">4,0,9</field>
                                <next>
                                  <block type="setpixel" id="L`i[bf~p)ol9EE0%xAB1">
                                    <field name="setpix">3,0,9</field>
                                    <next>
                                      <block type="setpixel" id="j#^h+Et`V^]F|xE#nx7`">
                                        <field name="setpix">2,0,0</field>
                                        <next>
                                          <block type="setpixel" id="`))thTSP!PtQa*]|0MV@">
                                            <field name="setpix">1,0,0</field>
                                            <next>
                                              <block type="setpixel" id="FGLD+mrNfO%tmc6U^?@t">
                                                <field name="setpix">0,0,0</field>
                                              </block>
                                            </next>
                                          </block>
                                        </next>
                                      </block>
                                    </next>
                                  </block>
                                </next>
                              </block>
                            </statement>
                            <next>
                              <block type="elifinline" id="xa6Kx#8yZx/{WR0#,MZl">
                                <value name="iftext">
                                  <shadow type="textinline" id="#Fr_!4C.R`M3`S]p3wIU">
                                    <field name="text">True</field>
                                  </shadow>
                                  <block type="internal" id="CT,2klJnYgev)E0LJEs/">
                                    <field name="choose">==</field>
                                    <value name="first">
                                      <shadow type="textinline" id="q(9wD/8n8[w@!clv4TcN">
                                        <field name="text">counter</field>
                                      </shadow>
                                    </value>
                                    <value name="last">
                                      <shadow type="textinline" id="yxL*5/EmafZxVTl/UO96">
                                        <field name="text">4</field>
                                      </shadow>
                                    </value>
                                  </block>
                                </value>
                                <statement name="ifstate">
                                  <block type="setpixel" id=".R{9eITS6L_Cq4u;i/1x">
                                    <field name="setpix">4,0,0</field>
                                    <next>
                                      <block type="setpixel" id="ZI_pW5U3V*y}cZKa`W`C">
                                        <field name="setpix">3,0,0</field>
                                        <next>
                                          <block type="setpixel" id="EKQM1x.10KYqwN*AaD[u">
                                            <field name="setpix">2,0,9</field>
                                            <next>
                                              <block type="setpixel" id="FwIZ6t_4kn0mrnsrtLyW">
                                                <field name="setpix">1,0,0</field>
                                                <next>
                                                  <block type="setpixel" id="gBn-}Gzdv6Udx/8JGgfO">
                                                    <field name="setpix">0,0,0</field>
                                                  </block>
                                                </next>
                                              </block>
                                            </next>
                                          </block>
                                        </next>
                                      </block>
                                    </next>
                                  </block>
                                </statement>
                                <next>
                                  <block type="elifinline" id="Y9(6ex-p*OJwUD)c7eU/">
                                    <value name="iftext">
                                      <shadow type="textinline" id="#Fr_!4C.R`M3`S]p3wIU">
                                        <field name="text">True</field>
                                      </shadow>
                                      <block type="internal" id="RCbS6r/-7CJ%7MRZ:{,M">
                                        <field name="choose">==</field>
                                        <value name="first">
                                          <shadow type="textinline" id="Y|Wo.hOBCKWuTm,7__Y5">
                                            <field name="text">counter</field>
                                          </shadow>
                                        </value>
                                        <value name="last">
                                          <shadow type="textinline" id="Ea5a!;s#Dla2ubI]mRx7">
                                            <field name="text">5</field>
                                          </shadow>
                                        </value>
                                      </block>
                                    </value>
                                    <statement name="ifstate">
                                      <block type="setpixel" id="qQnBnRG_%D][%s+(Dj=j">
                                        <field name="setpix">4,0,9</field>
                                        <next>
                                          <block type="setpixel" id="uMq:??}[.GbjAVr~*oK(">
                                            <field name="setpix">3,0,0</field>
                                            <next>
                                              <block type="setpixel" id="5%aK:OF:pv:Zd{wUbQ|g">
                                                <field name="setpix">2,0,9</field>
                                                <next>
                                                  <block type="setpixel" id="z(`5ZoJb:DSbtb~1lg8x">
                                                    <field name="setpix">1,0,0</field>
                                                    <next>
                                                      <block type="setpixel" id="03azMO%`n+x.]yEh!J^+">
                                                        <field name="setpix">0,0,0</field>
                                                      </block>
                                                    </next>
                                                  </block>
                                                </next>
                                              </block>
                                            </next>
                                          </block>
                                        </next>
                                      </block>
                                    </statement>
                                    <next>
                                      <block type="elifinline" id="e92/L?c#{Nq0UL._{H!+">
                                        <value name="iftext">
                                          <shadow type="textinline" id="#Fr_!4C.R`M3`S]p3wIU">
                                            <field name="text">True</field>
                                          </shadow>
                                          <block type="internal" id="nuRhFX_l3cyenM{y]uKP">
                                            <field name="choose">==</field>
                                            <value name="first">
                                              <shadow type="textinline" id="`r-hFBJQyW/}dB=[F=5t">
                                                <field name="text">counter</field>
                                              </shadow>
                                            </value>
                                            <value name="last">
                                              <shadow type="textinline" id="=nM]8qYpWe1-+p3*lg15">
                                                <field name="text">6</field>
                                              </shadow>
                                            </value>
                                          </block>
                                        </value>
                                        <statement name="ifstate">
                                          <block type="setpixel" id="q?~Fpe_4{=/u,y{nlnE5">
                                            <field name="setpix">4,0,0</field>
                                            <next>
                                              <block type="setpixel" id="gLMtT{IsRqWDPLb.`b1.">
                                                <field name="setpix">3,0,9</field>
                                                <next>
                                                  <block type="setpixel" id="y^7O6]F^F?Z0)E2|A-*9">
                                                    <field name="setpix">2,0,9</field>
                                                    <next>
                                                      <block type="setpixel" id="K3Ek}Rcv{3#zvN0,_ZH*">
                                                        <field name="setpix">1,0,0</field>
                                                        <next>
                                                          <block type="setpixel" id="WIz#es^J%(ewIHx@YqK)">
                                                            <field name="setpix">0,0,0</field>
                                                          </block>
                                                        </next>
                                                      </block>
                                                    </next>
                                                  </block>
                                                </next>
                                              </block>
                                            </next>
                                          </block>
                                        </statement>
                                        <next>
                                          <block type="elifinline" id="1G;Nv:8I5}=Q2%HzM~7r">
                                            <value name="iftext">
                                              <shadow type="textinline" id="#Fr_!4C.R`M3`S]p3wIU">
                                                <field name="text">True</field>
                                              </shadow>
                                              <block type="internal" id="15/2}qvK==6F_,g8lls?">
                                                <field name="choose">==</field>
                                                <value name="first">
                                                  <shadow type="textinline" id="b@4;sepahcZ4.d-t3az9">
                                                    <field name="text">counter</field>
                                                  </shadow>
                                                </value>
                                                <value name="last">
                                                  <shadow type="textinline" id="H!N=xX=llkPPNTdk=C2D">
                                                    <field name="text">7</field>
                                                  </shadow>
                                                </value>
                                              </block>
                                            </value>
                                            <statement name="ifstate">
                                              <block type="setpixel" id="V]@_B`L|AjM.:U[.y8/E">
                                                <field name="setpix">4,0,9</field>
                                                <next>
                                                  <block type="setpixel" id="+@NFRK^V0osB.@Ya,@Ei">
                                                    <field name="setpix">3,0,9</field>
                                                    <next>
                                                      <block type="setpixel" id="~xzk662hFzr9^I7Wds6a">
                                                        <field name="setpix">2,0,9</field>
                                                        <next>
                                                          <block type="setpixel" id="zLUMat!;0;?2HtR_PQt,">
                                                            <field name="setpix">1,0,0</field>
                                                            <next>
                                                              <block type="setpixel" id="QV@?Xh9*4d%5r._+N3T1">
                                                                <field name="setpix">0,0,0</field>
                                                              </block>
                                                            </next>
                                                          </block>
                                                        </next>
                                                      </block>
                                                    </next>
                                                  </block>
                                                </next>
                                              </block>
                                            </statement>
                                            <next>
                                              <block type="elifinline" id="hkxm_X-5EqdFAG^riu~k">
                                                <value name="iftext">
                                                  <shadow type="textinline" id="#Fr_!4C.R`M3`S]p3wIU">
                                                    <field name="text">True</field>
                                                  </shadow>
                                                  <block type="internal" id="r{lImdiT:yV^w%r:b=.L">
                                                    <field name="choose">==</field>
                                                    <value name="first">
                                                      <shadow type="textinline" id=":!!nSOq*RCb[:/e!.[v@">
                                                        <field name="text">counter</field>
                                                      </shadow>
                                                    </value>
                                                    <value name="last">
                                                      <shadow type="textinline" id="X22DR%1`@~nieMrV60IJ">
                                                        <field name="text">8</field>
                                                      </shadow>
                                                    </value>
                                                  </block>
                                                </value>
                                                <statement name="ifstate">
                                                  <block type="setpixel" id="/69iM@W,sRo*L,T!(n2`">
                                                    <field name="setpix">4,0,0</field>
                                                    <next>
                                                      <block type="setpixel" id="S2DFcpJo_///aFBXk}B*">
                                                        <field name="setpix">3,0,0</field>
                                                        <next>
                                                          <block type="setpixel" id="}3m?:sA.zz,80bHMU8X]">
                                                            <field name="setpix">2,0,0</field>
                                                            <next>
                                                              <block type="setpixel" id="IvnoM5p}D8(WXcXEzgP6">
                                                                <field name="setpix">1,0,9</field>
                                                                <next>
                                                                  <block type="setpixel" id="97tw%?cW^v`a1R_J;AW6">
                                                                    <field name="setpix">0,0,0</field>
                                                                  </block>
                                                                </next>
                                                              </block>
                                                            </next>
                                                          </block>
                                                        </next>
                                                      </block>
                                                    </next>
                                                  </block>
                                                </statement>
                                                <next>
                                                  <block type="elifinline" id="@O1?Q7EN]cxeub:.**+`">
                                                    <value name="iftext">
                                                      <shadow type="textinline" id="#Fr_!4C.R`M3`S]p3wIU">
                                                        <field name="text">True</field>
                                                      </shadow>
                                                      <block type="internal" id="S-e~8d;JHZc%Kje/8,pa">
                                                        <field name="choose">==</field>
                                                        <value name="first">
                                                          <shadow type="textinline" id="E{8gK%DZxECmtN%`saJ-">
                                                            <field name="text">counter</field>
                                                          </shadow>
                                                        </value>
                                                        <value name="last">
                                                          <shadow type="textinline" id="_v/I:c`2vSS^[C:ujiVS">
                                                            <field name="text">9</field>
                                                          </shadow>
                                                        </value>
                                                      </block>
                                                    </value>
                                                    <statement name="ifstate">
                                                      <block type="setpixel" id="-929#wX!)vQ*p5UNT_n0">
                                                        <field name="setpix">4,0,9</field>
                                                        <next>
                                                          <block type="setpixel" id="oe/?dDH?]358UPbj1zAf">
                                                            <field name="setpix">3,0,0</field>
                                                            <next>
                                                              <block type="setpixel" id="BpBn{uuk)6v(VX6V_,-p">
                                                                <field name="setpix">2,0,0</field>
                                                                <next>
                                                                  <block type="setpixel" id="{*dph%z-/2)^I1zd{#.s">
                                                                    <field name="setpix">1,0,9</field>
                                                                    <next>
                                                                      <block type="setpixel" id="AZ4YdnACrQTASH^*{pCP">
                                                                        <field name="setpix">0,0,0</field>
                                                                      </block>
                                                                    </next>
                                                                  </block>
                                                                </next>
                                                              </block>
                                                            </next>
                                                          </block>
                                                        </next>
                                                      </block>
                                                    </statement>
                                                    <next>
                                                      <block type="elifinline" id="{!x]3#1:}~/zNoY(twq)">
                                                        <value name="iftext">
                                                          <shadow type="textinline" id="#Fr_!4C.R`M3`S]p3wIU">
                                                            <field name="text">True</field>
                                                          </shadow>
                                                          <block type="internal" id="u_lEJu`SPV5FMPO4/IO@">
                                                            <field name="choose">==</field>
                                                            <value name="first">
                                                              <shadow type="textinline" id="!1M5=ypUqzAfR0%0l#DP">
                                                                <field name="text">counter</field>
                                                              </shadow>
                                                            </value>
                                                            <value name="last">
                                                              <shadow type="textinline" id="{E3p|T*PP+1oaF2F`Hec">
                                                                <field name="text">10</field>
                                                              </shadow>
                                                            </value>
                                                          </block>
                                                        </value>
                                                        <statement name="ifstate">
                                                          <block type="setpixel" id="[?Rb{Q.Hf[I9#Oe95X.M">
                                                            <field name="setpix">4,0,0</field>
                                                            <next>
                                                              <block type="setpixel" id="trBhaC3c:ca?Mt3wgGnB">
                                                                <field name="setpix">3,0,9</field>
                                                                <next>
                                                                  <block type="setpixel" id="Z=09)gH[ldn+ycpBT~Z^">
                                                                    <field name="setpix">2,0,0</field>
                                                                    <next>
                                                                      <block type="setpixel" id="ulFPIqV@:/@~uxW~J4w.">
                                                                        <field name="setpix">1,0,9</field>
                                                                        <next>
                                                                          <block type="setpixel" id="+Lt=]!ew;W-nZtro83.?">
                                                                            <field name="setpix">0,0,0</field>
                                                                          </block>
                                                                        </next>
                                                                      </block>
                                                                    </next>
                                                                  </block>
                                                                </next>
                                                              </block>
                                                            </next>
                                                          </block>
                                                        </statement>
                                                        <next>
                                                          <block type="elifinline" id="D4+WAGPYbmE@;b4OA/3s">
                                                            <value name="iftext">
                                                              <shadow type="textinline" id="#Fr_!4C.R`M3`S]p3wIU">
                                                                <field name="text">True</field>
                                                              </shadow>
                                                              <block type="internal" id="rA7`wY9q*Hv)Q7`uQl{)">
                                                                <field name="choose">==</field>
                                                                <value name="first">
                                                                  <shadow type="textinline" id="fiuOPvv#+UyuJ3cJ8{/I">
                                                                    <field name="text">counter</field>
                                                                  </shadow>
                                                                </value>
                                                                <value name="last">
                                                                  <shadow type="textinline" id="na`f|g//nRMpRqme5nW4">
                                                                    <field name="text">11</field>
                                                                  </shadow>
                                                                </value>
                                                              </block>
                                                            </value>
                                                            <statement name="ifstate">
                                                              <block type="setpixel" id="qQ#K?(R0G0{e#,nPnzA_">
                                                                <field name="setpix">4,0,9</field>
                                                                <next>
                                                                  <block type="setpixel" id="_ie]BTB?}35iGlq3#m`(">
                                                                    <field name="setpix">3,0,9</field>
                                                                    <next>
                                                                      <block type="setpixel" id="dU1-SnFaih)e5NJ^y`eA">
                                                                        <field name="setpix">2,0,0</field>
                                                                        <next>
                                                                          <block type="setpixel" id="1(OO(a*jpp)pP=ul/2_d">
                                                                            <field name="setpix">1,0,9</field>
                                                                            <next>
                                                                              <block type="setpixel" id="y!SnmhQO[@.-UQpMS.ls">
                                                                                <field name="setpix">0,0,0</field>
                                                                              </block>
                                                                            </next>
                                                                          </block>
                                                                        </next>
                                                                      </block>
                                                                    </next>
                                                                  </block>
                                                                </next>
                                                              </block>
                                                            </statement>
                                                            <next>
                                                              <block type="elifinline" id="UvvW@8B`J8a:t)/*R+#{">
                                                                <value name="iftext">
                                                                  <shadow type="textinline" id="#Fr_!4C.R`M3`S]p3wIU">
                                                                    <field name="text">True</field>
                                                                  </shadow>
                                                                  <block type="internal" id="vLcmY.-6!gD`jV1*KCL]">
                                                                    <field name="choose">==</field>
                                                                    <value name="first">
                                                                      <shadow type="textinline" id="T5M1}WPD`|`V~0u5L]:]">
                                                                        <field name="text">counter</field>
                                                                      </shadow>
                                                                    </value>
                                                                    <value name="last">
                                                                      <shadow type="textinline" id="IaFd^1RDM2|}kAF?K;:G">
                                                                        <field name="text">12</field>
                                                                      </shadow>
                                                                    </value>
                                                                  </block>
                                                                </value>
                                                                <statement name="ifstate">
                                                                  <block type="setpixel" id="HbCY?-rr*;?Y4ZUex9p=">
                                                                    <field name="setpix">4,0,0</field>
                                                                    <next>
                                                                      <block type="setpixel" id="HXl{1FAeac,g=Dx25+|.">
                                                                        <field name="setpix">3,0,0</field>
                                                                        <next>
                                                                          <block type="setpixel" id="vMG-oafogsn?@1P`3tdc">
                                                                            <field name="setpix">2,0,9</field>
                                                                            <next>
                                                                              <block type="setpixel" id="EhVStr{Th*(D[Z:qy!?,">
                                                                                <field name="setpix">1,0,9</field>
                                                                                <next>
                                                                                  <block type="setpixel" id="c3OTqr`g*,gcd2c=Ve{C">
                                                                                    <field name="setpix">0,0,0</field>
                                                                                  </block>
                                                                                </next>
                                                                              </block>
                                                                            </next>
                                                                          </block>
                                                                        </next>
                                                                      </block>
                                                                    </next>
                                                                  </block>
                                                                </statement>
                                                                <next>
                                                                  <block type="elifinline" id="8QtF%?Dda`:)H620Y}oW">
                                                                    <value name="iftext">
                                                                      <shadow type="textinline" id="#Fr_!4C.R`M3`S]p3wIU">
                                                                        <field name="text">True</field>
                                                                      </shadow>
                                                                      <block type="internal" id="%SP0{_-MUkVnScV4}0Aa">
                                                                        <field name="choose">==</field>
                                                                        <value name="first">
                                                                          <shadow type="textinline" id="S8}+N.ZIi?QFA)52,fVf">
                                                                            <field name="text">counter</field>
                                                                          </shadow>
                                                                        </value>
                                                                        <value name="last">
                                                                          <shadow type="textinline" id="a1Inb*a8zC)7_7abwC1W">
                                                                            <field name="text">13</field>
                                                                          </shadow>
                                                                        </value>
                                                                      </block>
                                                                    </value>
                                                                    <statement name="ifstate">
                                                                      <block type="setpixel" id="b]AJ=Lf#J/OI6-Zb#4v=">
                                                                        <field name="setpix">4,0,9</field>
                                                                        <next>
                                                                          <block type="setpixel" id="7h[v:#/%^ub`Yi!vZ?FP">
                                                                            <field name="setpix">3,0,0</field>
                                                                            <next>
                                                                              <block type="setpixel" id="3IwA^fJF|B03U?S^*X8~">
                                                                                <field name="setpix">2,0,9</field>
                                                                                <next>
                                                                                  <block type="setpixel" id="c,!iKTw0//^ZGwnloqSs">
                                                                                    <field name="setpix">1,0,9</field>
                                                                                    <next>
                                                                                      <block type="setpixel" id="@g:yPxbfea7DBC!XpA-I">
                                                                                        <field name="setpix">0,0,0</field>
                                                                                      </block>
                                                                                    </next>
                                                                                  </block>
                                                                                </next>
                                                                              </block>
                                                                            </next>
                                                                          </block>
                                                                        </next>
                                                                      </block>
                                                                    </statement>
                                                                    <next>
                                                                      <block type="elifinline" id="0-rCfb4%)wlLsez|8z+`">
                                                                        <value name="iftext">
                                                                          <shadow type="textinline" id="#Fr_!4C.R`M3`S]p3wIU">
                                                                            <field name="text">True</field>
                                                                          </shadow>
                                                                          <block type="internal" id="6Zu:,!ihYZmi=e89Yh!z">
                                                                            <field name="choose">==</field>
                                                                            <value name="first">
                                                                              <shadow type="textinline" id=".mEa0//(Xn`#%3KwAouI">
                                                                                <field name="text">counter</field>
                                                                              </shadow>
                                                                            </value>
                                                                            <value name="last">
                                                                              <shadow type="textinline" id="cUs+i-(l.kxA-U,;dp8U">
                                                                                <field name="text">14</field>
                                                                              </shadow>
                                                                            </value>
                                                                          </block>
                                                                        </value>
                                                                        <statement name="ifstate">
                                                                          <block type="setpixel" id="19J1SOZR^uz7*GA)S5c?">
                                                                            <field name="setpix">4,0,0</field>
                                                                            <next>
                                                                              <block type="setpixel" id="`1676=zutw%yJG:{i%Jz">
                                                                                <field name="setpix">3,0,9</field>
                                                                                <next>
                                                                                  <block type="setpixel" id=":rgkXzufK?PwAwBzYI0N">
                                                                                    <field name="setpix">2,0,9</field>
                                                                                    <next>
                                                                                      <block type="setpixel" id="+U2[f3nF~KsQ1;_]3Kbc">
                                                                                        <field name="setpix">1,0,9</field>
                                                                                        <next>
                                                                                          <block type="setpixel" id="F6{Q4uWPMdYzmcjlV+}W">
                                                                                            <field name="setpix">0,0,0</field>
                                                                                          </block>
                                                                                        </next>
                                                                                      </block>
                                                                                    </next>
                                                                                  </block>
                                                                                </next>
                                                                              </block>
                                                                            </next>
                                                                          </block>
                                                                        </statement>
                                                                        <next>
                                                                          <block type="elifinline" id="MA6*EWA0b,Q7a~1Hvu.o">
                                                                            <value name="iftext">
                                                                              <shadow type="textinline" id="#Fr_!4C.R`M3`S]p3wIU">
                                                                                <field name="text">True</field>
                                                                              </shadow>
                                                                              <block type="internal" id="v6G?_8=y8?u[jb]VFU*K">
                                                                                <field name="choose">==</field>
                                                                                <value name="first">
                                                                                  <shadow type="textinline" id="35*7MlUop=~y_dh)t8nR">
                                                                                    <field name="text">counter</field>
                                                                                  </shadow>
                                                                                </value>
                                                                                <value name="last">
                                                                                  <shadow type="textinline" id="GlQ6/,*]O5`F#MA}:;!a">
                                                                                    <field name="text">15</field>
                                                                                  </shadow>
                                                                                </value>
                                                                              </block>
                                                                            </value>
                                                                            <statement name="ifstate">
                                                                              <block type="setpixel" id="Qjld63-,^;qKOR8w/2hT">
                                                                                <field name="setpix">4,0,9</field>
                                                                                <next>
                                                                                  <block type="setpixel" id="zHtZU;N]Wb-DWv~XP2ul">
                                                                                    <field name="setpix">3,0,9</field>
                                                                                    <next>
                                                                                      <block type="setpixel" id="bP!nF~uUuWYT9[@5UV))">
                                                                                        <field name="setpix">2,0,9</field>
                                                                                        <next>
                                                                                          <block type="setpixel" id="u_`,U-a#_c}U`rPZFQ4E">
                                                                                            <field name="setpix">1,0,9</field>
                                                                                            <next>
                                                                                              <block type="setpixel" id="m6F_9.Ve,+niQ*,yC8ad">
                                                                                                <field name="setpix">0,0,0</field>
                                                                                              </block>
                                                                                            </next>
                                                                                          </block>
                                                                                        </next>
                                                                                      </block>
                                                                                    </next>
                                                                                  </block>
                                                                                </next>
                                                                              </block>
                                                                            </statement>
                                                                            <next>
                                                                              <block type="else" id="ama`}joZIrkyYVeO6XQY">
                                                                                <statement name="DO">
                                                                                  <block type="for" id="iu0)k.KxG`}3(vQ+oO`/">
                                                                                    <field name="letter">i</field>
                                                                                    <field name="no">3</field>
                                                                                    <statement name="DO">
                                                                                      <block type="setpixel" id="xh,B8^G?9--L=Qz9IG3u">
                                                                                        <field name="setpix">4,0,9</field>
                                                                                        <next>
                                                                                          <block type="setpixel" id="1?QN;s)f~(5U]@35EA^@">
                                                                                            <field name="setpix">3,0,9</field>
                                                                                            <next>
                                                                                              <block type="setpixel" id="|F?q]FJ+FUoZGS0u2s/L">
                                                                                                <field name="setpix">2,0,9</field>
                                                                                                <next>
                                                                                                  <block type="setpixel" id="_gjQygSAH@=(=nHqRdwq">
                                                                                                    <field name="setpix">1,0,9</field>
                                                                                                    <next>
                                                                                                      <block type="setpixel" id="9dG|Z1|4,{udrw=(%PE|">
                                                                                                        <field name="setpix">0,0,9</field>
                                                                                                        <next>
                                                                                                          <block type="sleep" id="2{)%hoT+ht;gZ22ky[0v">
                                                                                                            <field name="sleep">500</field>
                                                                                                            <next>
                                                                                                              <block type="setpixel" id="cSF#N0K)!fySeEKf(y]X">
                                                                                                                <field name="setpix">4,0,0</field>
                                                                                                                <next>
                                                                                                                  <block type="setpixel" id=":GJyok?P,/.@vfrRTpta">
                                                                                                                    <field name="setpix">3,0,0</field>
                                                                                                                    <next>
                                                                                                                      <block type="setpixel" id="mCIz6@Z%Lmy%*oL(yKap">
                                                                                                                        <field name="setpix">2,0,0</field>
                                                                                                                        <next>
                                                                                                                          <block type="setpixel" id="uMINy}fnw/f4QW2(p8CU">
                                                                                                                            <field name="setpix">1,0,0</field>
                                                                                                                            <next>
                                                                                                                              <block type="setpixel" id="*[4)@zW6U?Mu4**[rSgY">
                                                                                                                                <field name="setpix">0,0,0</field>
                                                                                                                                <next>
                                                                                                                                  <block type="sleep" id="x=Y%v^X9vJ:;ns.EFr9x">
                                                                                                                                    <field name="sleep">500</field>
                                                                                                                                    <next>
                                                                                                                                      <block type="equalsblock" id="D0,FzTW3mBLO%#1GbXiV">
                                                                                                                                        <field name="1">counter</field>
                                                                                                                                        <field name="2">0</field>
                                                                                                                                      </block>
                                                                                                                                    </next>
                                                                                                                                  </block>
                                                                                                                                </next>
                                                                                                                              </block>
                                                                                                                            </next>
                                                                                                                          </block>
                                                                                                                        </next>
                                                                                                                      </block>
                                                                                                                    </next>
                                                                                                                  </block>
                                                                                                                </next>
                                                                                                              </block>
                                                                                                            </next>
                                                                                                          </block>
                                                                                                        </next>
                                                                                                      </block>
                                                                                                    </next>
                                                                                                  </block>
                                                                                                </next>
                                                                                              </block>
                                                                                            </next>
                                                                                          </block>
                                                                                        </next>
                                                                                      </block>
                                                                                    </statement>
                                                                                  </block>
                                                                                </statement>
                                                                                <next>
                                                                                  <block type="ifinline" id="u5yoxk45=ID]=(gU|i^P">
                                                                                    <value name="iftext">
                                                                                      <shadow type="textinline" id="aUgNu2h2RGFbCGaDN,f/">
                                                                                        <field name="text">True</field>
                                                                                      </shadow>
                                                                                      <block type="internal" id="sZP6sU3!.uh?w9nVi7oA">
                                                                                        <field name="choose">and</field>
                                                                                        <value name="first">
                                                                                          <shadow type="textinline" id="^QfSEAm5(-S]W%!I7izZ">
                                                                                            <field name="text">0</field>
                                                                                          </shadow>
                                                                                          <block type="buttonispressed" id="%cclFJub@B3QZ`Q6TW%P">
                                                                                            <field name="NAME">a</field>
                                                                                          </block>
                                                                                        </value>
                                                                                        <value name="last">
                                                                                          <shadow type="textinline" id="-O9@p!^+MO?l;_(9*VXj">
                                                                                            <field name="text">0</field>
                                                                                          </shadow>
                                                                                          <block type="buttonispressed" id="#5?{5+o-1-`o|5K[-Qm(">
                                                                                            <field name="NAME">b</field>
                                                                                          </block>
                                                                                        </value>
                                                                                      </block>
                                                                                    </value>
                                                                                    <statement name="ifstate">
                                                                                      <block type="equalsblock" id="ssx}p1]7|6^(1su+cnSs">
                                                                                        <field name="1">counter</field>
                                                                                        <field name="2">0</field>
                                                                                      </block>
                                                                                    </statement>
                                                                                    <next>
                                                                                      <block type="elifinline" id="VbIsS:=n#Xg{0}^+2kgR">
                                                                                        <value name="iftext">
                                                                                          <shadow type="textinline" id="5)QUCVg/=C_[j%zfN2-8">
                                                                                            <field name="text">True</field>
                                                                                          </shadow>
                                                                                          <block type="buttonispressed" id="`1,ve.Kw_f`pUNW(Lm-^">
                                                                                            <field name="NAME">a</field>
                                                                                          </block>
                                                                                        </value>
                                                                                        <statement name="ifstate">
                                                                                          <block type="equalsblock" id="/09Q.NN,NB8bi{K`zd~?">
                                                                                            <field name="1">counter</field>
                                                                                            <field name="2">counter + 1</field>
                                                                                            <next>
                                                                                              <block type="ifinline" id="7dY:1@#SFk#mVA9=.juk">
                                                                                                <value name="iftext">
                                                                                                  <shadow type="textinline" id="+%[WN?!;p2J0DH?NnDv,">
                                                                                                    <field name="text">True</field>
                                                                                                  </shadow>
                                                                                                  <block type="internal" id="y5r{naOfq7o3AB#)]%-X">
                                                                                                    <field name="choose">&gt;</field>
                                                                                                    <value name="first">
                                                                                                      <shadow type="textinline" id="NSGQDzMa2249{}8:A|yQ">
                                                                                                        <field name="text">counter</field>
                                                                                                      </shadow>
                                                                                                    </value>
                                                                                                    <value name="last">
                                                                                                      <shadow type="textinline" id="t]^J:,45v,5jzCg(qcr1">
                                                                                                        <field name="text">15</field>
                                                                                                      </shadow>
                                                                                                    </value>
                                                                                                  </block>
                                                                                                </value>
                                                                                                <statement name="ifstate">
                                                                                                  <block type="equalsblock" id="L`X=tmWz66RW5Qa}QI/x">
                                                                                                    <field name="1">counter</field>
                                                                                                    <field name="2">15</field>
                                                                                                  </block>
                                                                                                </statement>
                                                                                              </block>
                                                                                            </next>
                                                                                          </block>
                                                                                        </statement>
                                                                                        <next>
                                                                                          <block type="elifinline" id="hn9G}|IppCf]2b}KEdI-">
                                                                                            <value name="iftext">
                                                                                              <shadow type="textinline" id="JI}?[=iro3-})X2sz@OV">
                                                                                                <field name="text">True</field>
                                                                                              </shadow>
                                                                                              <block type="buttonispressed" id="MC/a#u`z30TSov?*KEa=">
                                                                                                <field name="NAME">b</field>
                                                                                              </block>
                                                                                            </value>
                                                                                            <statement name="ifstate">
                                                                                              <block type="equalsblock" id="Z{eBda1,SQr{[G5t=y),">
                                                                                                <field name="1">counter</field>
                                                                                                <field name="2">counter - 1</field>
                                                                                                <next>
                                                                                                  <block type="ifinline" id="1GTLf%zP-br5_%00~#Wy">
                                                                                                    <value name="iftext">
                                                                                                      <shadow type="textinline" id="+%[WN?!;p2J0DH?NnDv,">
                                                                                                        <field name="text">True</field>
                                                                                                      </shadow>
                                                                                                      <block type="internal" id="ZEhBfW41wnYaY!W^m;lz">
                                                                                                        <field name="choose">&lt;</field>
                                                                                                        <value name="first">
                                                                                                          <shadow type="textinline" id="h}ij]4#8,Zd]?3!256!j">
                                                                                                            <field name="text">counter</field>
                                                                                                          </shadow>
                                                                                                        </value>
                                                                                                        <value name="last">
                                                                                                          <shadow type="textinline" id="{IYd4.`e[Wp9hS}tWuqO">
                                                                                                            <field name="text">0</field>
                                                                                                          </shadow>
                                                                                                        </value>
                                                                                                      </block>
                                                                                                    </value>
                                                                                                    <statement name="ifstate">
                                                                                                      <block type="equalsblock" id="l]x|ngjNkSx2TkFpDM^Q">
                                                                                                        <field name="1">counter</field>
                                                                                                        <field name="2">0</field>
                                                                                                      </block>
                                                                                                    </statement>
                                                                                                  </block>
                                                                                                </next>
                                                                                              </block>
                                                                                            </statement>
                                                                                            <next>
                                                                                              <block type="sleep" id="^`]|:1`0=o?1Tm0E-SEQ">
                                                                                                <field name="sleep">333</field>
                                                                                              </block>
                                                                                            </next>
                                                                                          </block>
                                                                                        </next>
                                                                                      </block>
                                                                                    </next>
                                                                                  </block>
                                                                                </next>
                                                                              </block>
                                                                            </next>
                                                                          </block>
                                                                        </next>
                                                                      </block>
                                                                    </next>
                                                                  </block>
                                                                </next>
                                                              </block>
                                                            </next>
                                                          </block>
                                                        </next>
                                                      </block>
                                                    </next>
                                                  </block>
                                                </next>
                                              </block>
                                            </next>
                                          </block>
                                        </next>
                                      </block>
                                    </next>
                                  </block>
                                </next>
                              </block>
                            </next>
                          </block>
                        </next>
                      </block>
                    </next>
                  </block>
                </next>
              </block>
            </statement>
          </block>
        </next>
      </block>
    </next>
  </block>
</xml>