<xml xmlns="http://www.w3.org/1999/xhtml">
  <block type="import_microbit" id="?Wne::NKU}?X!qjT.by}" x="-105" y="-284">
    <next>
      <block type="random" id="O%5M`9G#OMZnK(G+9EtE">
        <next>
          <block type="equalsblock" id="Q|}npQU#^;K4Na7a#vd]">
            <field name="1">delay</field>
            <field name="2">[600, 550, 500, 450, 400, 350, 300, 250, 200, 150]</field>
            <next>
              <block type="equalsblock" id="0vV)TNUWopqOH}`=r|I4">
                <field name="1">score</field>
                <field name="2">0</field>
                <next>
                  <block type="equalsblock" id="2sQIDRX55*Diof#:HjeC">
                    <field name="1">roundCounter</field>
                    <field name="2">0</field>
                    <next>
                      <block type="equalsblock" id="4XO}zOEMJC=KCUX8qIbt">
                        <field name="1">MAX_ROUNDS</field>
                        <field name="2">12</field>
                        <next>
                          <block type="whileout" id="Y?-vA={l=`7MF/)eK0Su">
                            <value name="cond">
                              <shadow type="textinline" id="`f4qK6`sv-AEHKJp9=e#">
                                <field name="text">True</field>
                              </shadow>
                            </value>
                            <statement name="DO">
                              <block type="equalsblock" id="|#6uksv-El)@1m:Wkku,">
                                <field name="1">speed</field>
                                <field name="2">random.randint(0,9)</field>
                                <next>
                                  <block type="for" id="zOsqUI[]OU*2CYvV-jPG">
                                    <field name="letter">i</field>
                                    <field name="no">0, 12, 1</field>
                                    <statement name="DO">
                                      <block type="image" id="3~OG.45|6VCUy22){wW9">
                                        <field name="image">Image.ALL_CLOCKS[i]</field>
                                        <next>
                                          <block type="sleep" id="Q-)QfMg5A_moo]Orclz%">
                                            <field name="sleep">delay[speed]</field>
                                            <next>
                                              <block type="ifinline" id=",=B%f{CnvrV_KMf0=Nu/">
                                                <value name="iftext">
                                                  <shadow type="textinline" id="8){C:.[Y1DUK*eptf?8W">
                                                    <field name="text">True</field>
                                                  </shadow>
                                                  <block type="buttonispressed" id="IVz/1J7.(0SXUfO-A8]~">
                                                    <field name="NAME">a</field>
                                                  </block>
                                                </value>
                                                <statement name="ifstate">
                                                  <block type="ifinline" id="jcox^YzC3P6I^X(]0tcu">
                                                    <value name="iftext">
                                                      <shadow type="textinline" id="U494S1L6]S}W_;d33H)(">
                                                        <field name="text">True</field>
                                                      </shadow>
                                                      <block type="internal" id="S2x*y)?u*)=zhHOpq+Vw">
                                                        <field name="choose">==</field>
                                                        <value name="first">
                                                          <shadow type="textinline" id="e0hM*Yas%DWrf+tau8AT">
                                                            <field name="text">i</field>
                                                          </shadow>
                                                        </value>
                                                        <value name="last">
                                                          <shadow type="textinline" id="6_)WW_-i#=um[w3Aja`F">
                                                            <field name="text">9</field>
                                                          </shadow>
                                                        </value>
                                                      </block>
                                                    </value>
                                                    <statement name="ifstate">
                                                      <block type="image" id="U!]%4t-*Fv2|ezX17[h4">
                                                        <field name="image">Image.HAPPY</field>
                                                        <next>
                                                          <block type="equalsblock" id="23@|#@@8kl@)f|~6G%]M">
                                                            <field name="1">score</field>
                                                            <field name="2">score + 1</field>
                                                          </block>
                                                        </next>
                                                      </block>
                                                    </statement>
                                                    <next>
                                                      <block type="else" id="q9EbTFQ0!|MhY{jD#(M0">
                                                        <statement name="DO">
                                                          <block type="image" id="p==93`ZwkPBvG.CXp)=h">
                                                            <field name="image">Image.SAD</field>
                                                            <next>
                                                              <block type="equalsblock" id="^0lK~Y(1HJC;p]`,-KW_">
                                                                <field name="1">score</field>
                                                                <field name="2">score - 1</field>
                                                              </block>
                                                            </next>
                                                          </block>
                                                        </statement>
                                                        <next>
                                                          <block type="sleep" id="Zh5522pJg``n#N-WRtg_">
                                                            <field name="sleep">500</field>
                                                          </block>
                                                        </next>
                                                      </block>
                                                    </next>
                                                  </block>
                                                </statement>
                                              </block>
                                            </next>
                                          </block>
                                        </next>
                                      </block>
                                    </statement>
                                    <next>
                                      <block type="for" id="(i#:!8-%]bDs:3[E|*)7">
                                        <field name="letter">i</field>
                                        <field name="no">11, 0, -1</field>
                                        <statement name="DO">
                                          <block type="ifinline" id="A!.QTILTF@L*}0Kn(`h1">
                                            <value name="iftext">
                                              <shadow type="textinline" id="4x||MGhTZa/Hc_c!F7~R">
                                                <field name="text">True</field>
                                              </shadow>
                                              <block type="internal" id="vgW^r/nmQ_irE4q^^~nC">
                                                <field name="choose">==</field>
                                                <value name="first">
                                                  <shadow type="textinline" id="8BN^NtS,I`y9ex)!?sIb">
                                                    <field name="text">i</field>
                                                  </shadow>
                                                </value>
                                                <value name="last">
                                                  <shadow type="textinline" id="w^IZfgo^d2X`)w5m4Mt_">
                                                    <field name="text">11</field>
                                                  </shadow>
                                                </value>
                                              </block>
                                            </value>
                                            <statement name="ifstate">
                                              <block type="image" id="m-FVr-=(jhr8);7P~p.7">
                                                <field name="image">Image.ALL_CLOCKS[0]</field>
                                                <next>
                                                  <block type="sleep" id="1sTN.yay]xH3n@tG[8Q.">
                                                    <field name="sleep">delay[speed]</field>
                                                  </block>
                                                </next>
                                              </block>
                                            </statement>
                                            <next>
                                              <block type="image" id="XUhsLuBFU7+!~D65WC8Z">
                                                <field name="image">Image.ALL_CLOCKS[i]</field>
                                                <next>
                                                  <block type="sleep" id="d1B@7v:f_T~*6LNI|aVw">
                                                    <field name="sleep">delay[speed]</field>
                                                    <next>
                                                      <block type="ifinline" id="JL-3d]{W;%13}vF/+teJ">
                                                        <value name="iftext">
                                                          <shadow type="textinline" id="8){C:.[Y1DUK*eptf?8W">
                                                            <field name="text">True</field>
                                                          </shadow>
                                                          <block type="buttonispressed" id="c2phhjJ:8j)jW0dUrbKu">
                                                            <field name="NAME">b</field>
                                                          </block>
                                                        </value>
                                                        <statement name="ifstate">
                                                          <block type="ifinline" id="Ynjx*6WR+~aOc|C7XZ!M">
                                                            <value name="iftext">
                                                              <shadow type="textinline" id="U494S1L6]S}W_;d33H)(">
                                                                <field name="text">True</field>
                                                              </shadow>
                                                              <block type="internal" id="U5wug3sy.p-Td1%TpW|L">
                                                                <field name="choose">==</field>
                                                                <value name="first">
                                                                  <shadow type="textinline" id="GZ-L7yR#7P3{p]=S6zUU">
                                                                    <field name="text">i</field>
                                                                  </shadow>
                                                                </value>
                                                                <value name="last">
                                                                  <shadow type="textinline" id="MlLP:M3k]A~!BILYy`IS">
                                                                    <field name="text">3</field>
                                                                  </shadow>
                                                                </value>
                                                              </block>
                                                            </value>
                                                            <statement name="ifstate">
                                                              <block type="image" id="}k^LLxTi%2,zo9q-:_iI">
                                                                <field name="image">Image.HAPPY</field>
                                                                <next>
                                                                  <block type="equalsblock" id="UCJeqI|H5!(,p^#iqUn*">
                                                                    <field name="1">score</field>
                                                                    <field name="2">score + 1</field>
                                                                  </block>
                                                                </next>
                                                              </block>
                                                            </statement>
                                                            <next>
                                                              <block type="else" id="]mY2A*d}mkfK5WoEZmjn">
                                                                <statement name="DO">
                                                                  <block type="image" id="HPB,*lZSY/6QD8LUlDAT">
                                                                    <field name="image">Image.SAD</field>
                                                                    <next>
                                                                      <block type="equalsblock" id="!KKxKs*T,]jRui?oaS(2">
                                                                        <field name="1">score</field>
                                                                        <field name="2">score - 1</field>
                                                                      </block>
                                                                    </next>
                                                                  </block>
                                                                </statement>
                                                                <next>
                                                                  <block type="sleep" id="SXwQ2(7wya94(Mf;+2dD">
                                                                    <field name="sleep">500</field>
                                                                  </block>
                                                                </next>
                                                              </block>
                                                            </next>
                                                          </block>
                                                        </statement>
                                                      </block>
                                                    </next>
                                                  </block>
                                                </next>
                                              </block>
                                            </next>
                                          </block>
                                        </statement>
                                        <next>
                                          <block type="equalsblock" id="_l=VL6`]cJO5`){P9?^7">
                                            <field name="1">roundCounter</field>
                                            <field name="2">roundCounter + 1</field>
                                            <next>
                                              <block type="varprint" id="]aVob=pCot^aT22(ld?s">
                                                <field name="var">roundCounter</field>
                                                <next>
                                                  <block type="ifinline" id=",l~oO|6wl65eK|YMv2ca">
                                                    <value name="iftext">
                                                      <shadow type="textinline" id="-H=QC?o8(vpQ=3zMIDEo">
                                                        <field name="text">True</field>
                                                      </shadow>
                                                      <block type="internal" id="zd_mJDL+Cc}/y7e0Li(3">
                                                        <field name="choose">&gt;</field>
                                                        <value name="first">
                                                          <shadow type="textinline" id="NHf_xA4k6BdJxwU]?UmJ">
                                                            <field name="text">roundCounter</field>
                                                          </shadow>
                                                        </value>
                                                        <value name="last">
                                                          <shadow type="textinline" id=".VxdmXQwZ#iZj#:O[B55">
                                                            <field name="text">MAX_ROUNDS - 1</field>
                                                          </shadow>
                                                        </value>
                                                      </block>
                                                    </value>
                                                    <statement name="ifstate">
                                                      <block type="typeanything" id="GJYYQ3}u~1HxTH6;gM.*">
                                                        <field name="stuff">break</field>
                                                      </block>
                                                    </statement>
                                                  </block>
                                                </next>
                                              </block>
                                            </next>
                                          </block>
                                        </next>
                                      </block>
                                    </next>
                                  </block>
                                </next>
                              </block>
                            </statement>
                            <next>
                              <block type="scrollvar" id="_O)+9o65_.A)+.MiT_f;">
                                <field name="message">"Game Over!"</field>
                                <next>
                                  <block type="scrollvar" id="sk5~:gd83JuVa_KzwK+^">
                                    <field name="message">"Final score: " + str(score)</field>
                                  </block>
                                </next>
                              </block>
                            </next>
                          </block>
                        </next>
                      </block>
                    </next>
                  </block>
                </next>
              </block>
            </next>
          </block>
        </next>
      </block>
    </next>
  </block>
</xml>