<xml xmlns="http://www.w3.org/1999/xhtml">
  <block type="import_microbit" id="S:T[?)~U0;Tnby7]]3oO" x="-421" y="-466">
    <next>
      <block type="ifinline" id="),_1GDEvd/lAzA6EF^(0">
        <value name="iftext">
          <shadow type="textinline" id="*jSn:F|iI9LCIu;j0U0s">
            <field name="text">True</field>
          </shadow>
          <block type="compasscalibrated" id=";Kphq#Q)Y2VC5NO;bLeK"></block>
        </value>
        <statement name="ifstate">
          <block type="compasscalibrate" id="/K~al;SC?zP3LC,)x52]"></block>
        </statement>
        <next>
          <block type="whileout" id="F8(M7kQ.B?:Q{8:8VL4t">
            <value name="cond">
              <shadow type="textinline" id="ZOI7#pUjDDlkKold)Wfq">
                <field name="text">True</field>
              </shadow>
            </value>
            <statement name="DO">
              <block type="equalsblock" id="6I{oA%nRDL23s(rwktR:">
                <field name="1">direction</field>
                <field name="2">compass.heading()</field>
                <next>
                  <block type="ifinline" id="^|[;dM7-XHU9tm;s`OcY">
                    <value name="iftext">
                      <shadow type="textinline" id=",ij;|b`Smlsc!1DIayGP">
                        <field name="text">True</field>
                      </shadow>
                      <block type="internal" id="K!MGRtDb}~aJjxiDPPFR">
                        <field name="choose">&lt;</field>
                        <value name="first">
                          <shadow type="textinline" id="*!W2a`=JJ[_QPeWG%0FK">
                            <field name="text">direction</field>
                          </shadow>
                        </value>
                        <value name="last">
                          <shadow type="textinline" id="[L;B^|}Y*zHT`bG6asQ4">
                            <field name="text">22.5</field>
                          </shadow>
                        </value>
                      </block>
                    </value>
                    <statement name="ifstate">
                      <block type="scrollvar" id="fe=GJNRf~FDr+SPeDK;q">
                        <field name="message">" N "</field>
                      </block>
                    </statement>
                    <next>
                      <block type="elifinline" id=";Yb_9tuH]0))Gc;~(3_)">
                        <value name="iftext">
                          <shadow type="textinline" id="kvav#CkUumv{R+;;WH_w">
                            <field name="text">True</field>
                          </shadow>
                          <block type="internal" id="/zh|??eg,G;trH(dAb6F">
                            <field name="choose">&lt;</field>
                            <value name="first">
                              <shadow type="textinline" id="@Q!m?,0U,`cy6Y~@W}SO">
                                <field name="text">direction</field>
                              </shadow>
                            </value>
                            <value name="last">
                              <shadow type="textinline" id="|L^,-(I.}[0y@du64j!f">
                                <field name="text">67.5</field>
                              </shadow>
                            </value>
                          </block>
                        </value>
                        <statement name="ifstate">
                          <block type="scrollvar" id="ef%j`ZS3Q-EMLi#Z/r~J">
                            <field name="message">" NE "</field>
                          </block>
                        </statement>
                        <next>
                          <block type="elifinline" id="nc~KKX7(k{x4PT*W,5YX">
                            <value name="iftext">
                              <shadow type="textinline" id="ZTYFzk,(}me`,v~N|T(G">
                                <field name="text">True</field>
                              </shadow>
                              <block type="internal" id="P1R1rpl2@M+5+WAD.Cm{">
                                <field name="choose">&lt;</field>
                                <value name="first">
                                  <shadow type="textinline" id="{#o{N,RD]!Bp2PT)_7)#">
                                    <field name="text">direction</field>
                                  </shadow>
                                </value>
                                <value name="last">
                                  <shadow type="textinline" id="x,eZYWpKwTzmE%2X0OGg">
                                    <field name="text">112.5</field>
                                  </shadow>
                                </value>
                              </block>
                            </value>
                            <statement name="ifstate">
                              <block type="scrollvar" id="w7d-|vm=~f*g5L9#dOWK">
                                <field name="message">" E "</field>
                              </block>
                            </statement>
                            <next>
                              <block type="elifinline" id="UK;IcSE;?r:qaw@)OWG_">
                                <value name="iftext">
                                  <shadow type="textinline" id="93?^CS#b~tj3i%WyEJ|j">
                                    <field name="text">True</field>
                                  </shadow>
                                  <block type="internal" id="Rn42DZ0wzCszOBtvIxtb">
                                    <field name="choose">&lt;</field>
                                    <value name="first">
                                      <shadow type="textinline" id="pQv?P7*9Ot4Z/r%=bkpO">
                                        <field name="text">direction</field>
                                      </shadow>
                                    </value>
                                    <value name="last">
                                      <shadow type="textinline" id="}V|,Y]3+TLv7i)MkNX`4">
                                        <field name="text">157.5</field>
                                      </shadow>
                                    </value>
                                  </block>
                                </value>
                                <statement name="ifstate">
                                  <block type="scrollvar" id="Y{`=;fk)W*n@*bbGy+iX">
                                    <field name="message">" SE "</field>
                                  </block>
                                </statement>
                                <next>
                                  <block type="elifinline" id="PKK8G4V;Y8R5CfJiS8yi">
                                    <value name="iftext">
                                      <shadow type="textinline" id="KdnJKVVnKV].Dlk^V#Ft">
                                        <field name="text">True</field>
                                      </shadow>
                                      <block type="internal" id="@m{P*F4HZM69M0P#0r^6">
                                        <field name="choose">&lt;</field>
                                        <value name="first">
                                          <shadow type="textinline" id="K,f*K.Mm)iDXH.G{Y@9:">
                                            <field name="text">direction</field>
                                          </shadow>
                                        </value>
                                        <value name="last">
                                          <shadow type="textinline" id="mR%0eZ5^*gtXhD`UcANb">
                                            <field name="text">202.5</field>
                                          </shadow>
                                        </value>
                                      </block>
                                    </value>
                                    <statement name="ifstate">
                                      <block type="scrollvar" id="lKDoo|N_|Cj_QmbO5d;M">
                                        <field name="message">" S "</field>
                                      </block>
                                    </statement>
                                    <next>
                                      <block type="elifinline" id="rZ~nL!`KA5~;DpARwT@5">
                                        <value name="iftext">
                                          <shadow type="textinline" id="o8T[07GKJ(A6w|3idH|Z">
                                            <field name="text">True</field>
                                          </shadow>
                                          <block type="internal" id="!8/6::nE53wFs;mF{zUJ">
                                            <field name="choose">&lt;</field>
                                            <value name="first">
                                              <shadow type="textinline" id="/iq#KCD0wC5pb+1n%o;p">
                                                <field name="text">direction</field>
                                              </shadow>
                                            </value>
                                            <value name="last">
                                              <shadow type="textinline" id="bWIcnDR^l`M?8JrvDy9A">
                                                <field name="text">247.5</field>
                                              </shadow>
                                            </value>
                                          </block>
                                        </value>
                                        <statement name="ifstate">
                                          <block type="scrollvar" id="NwvoJwq;IXPtg[-~S*kz">
                                            <field name="message">" SW "</field>
                                          </block>
                                        </statement>
                                        <next>
                                          <block type="elifinline" id="!_U7tYPH62Z2do.{5=EK">
                                            <value name="iftext">
                                              <shadow type="textinline" id="uB`1^=/cnO8|lMa]+fz7">
                                                <field name="text">True</field>
                                              </shadow>
                                              <block type="internal" id="9%G14}Kv|[AmkL^0It{{">
                                                <field name="choose">&lt;</field>
                                                <value name="first">
                                                  <shadow type="textinline" id="KwF2l|pON-v^YIycE7)0">
                                                    <field name="text">direction</field>
                                                  </shadow>
                                                </value>
                                                <value name="last">
                                                  <shadow type="textinline" id="l`K~V%39illy~o{peH[R">
                                                    <field name="text">292.5</field>
                                                  </shadow>
                                                </value>
                                              </block>
                                            </value>
                                            <statement name="ifstate">
                                              <block type="scrollvar" id="mlQxOFbgMpS?7jEMOBFB">
                                                <field name="message">" W "</field>
                                              </block>
                                            </statement>
                                            <next>
                                              <block type="elifinline" id="EB:S,MLq?F7)9xKKSuYi">
                                                <value name="iftext">
                                                  <shadow type="textinline" id="n}T#oZu0CW(C|9pD|ekC">
                                                    <field name="text">True</field>
                                                  </shadow>
                                                  <block type="internal" id="?s+qlWOx4Y!|6q[gC91|">
                                                    <field name="choose">&lt;</field>
                                                    <value name="first">
                                                      <shadow type="textinline" id="}_F3Oo]XWO-2ytbhaT6x">
                                                        <field name="text">direction</field>
                                                      </shadow>
                                                    </value>
                                                    <value name="last">
                                                      <shadow type="textinline" id="E[6G{^xu~;~[=(R?RsJE">
                                                        <field name="text">337.5</field>
                                                      </shadow>
                                                    </value>
                                                  </block>
                                                </value>
                                                <statement name="ifstate">
                                                  <block type="scrollvar" id="]rWQBO!~u~-S5N7|YDeI">
                                                    <field name="message">" NW "</field>
                                                  </block>
                                                </statement>
                                                <next>
                                                  <block type="else" id="G2yCx*jbzZAQdGAo~O|~">
                                                    <statement name="DO">
                                                      <block type="scrollvar" id="{CcB9YmaHs)qPHLTgiWS">
                                                        <field name="message">" N "</field>
                                                      </block>
                                                    </statement>
                                                    <next>
                                                      <block type="sleep" id="|8i-(Rjci.PS=W^06LPM">
                                                        <field name="sleep">500</field>
                                                      </block>
                                                    </next>
                                                  </block>
                                                </next>
                                              </block>
                                            </next>
                                          </block>
                                        </next>
                                      </block>
                                    </next>
                                  </block>
                                </next>
                              </block>
                            </next>
                          </block>
                        </next>
                      </block>
                    </next>
                  </block>
                </next>
              </block>
            </statement>
          </block>
        </next>
      </block>
    </next>
  </block>
</xml>