<xml xmlns="http://www.w3.org/1999/xhtml">
  <block type="import_microbit" id="d~)3bsZ`)`oCb8sI5j^~" x="56" y="26">
    <next>
      <block type="random" id="*)mNCD5w6g|[H9,f01dK">
        <next>
          <block type="varinlines" id="_D8E#z:q/2%g}g%PkV3T">
            <field name="NAME">player_x</field>
            <field name="text">=</field>
            <value name="NAME">
              <block type="textinline" id="7uJ_x8H=gaWrB3pGYz=g">
                <field name="text">2</field>
              </block>
            </value>
            <next>
              <block type="varinlines" id="Jw){sm+CD..OmZP}EfAg">
                <field name="NAME">enemy_x</field>
                <field name="text">=</field>
                <value name="NAME">
                  <block type="textinline" id="2tN:CT0u:k78f^9Xoi:)">
                    <field name="text">random.randint(0,4)</field>
                  </block>
                </value>
                <next>
                  <block type="varinlines" id="CeLp2^KyMn|h5wChEEvi">
                    <field name="NAME">enemy_y</field>
                    <field name="text">=</field>
                    <value name="NAME">
                      <block type="textinline" id="~c`J0]j+X#0/^C29WZqm">
                        <field name="text">0</field>
                      </block>
                    </value>
                    <next>
                      <block type="whileout" id="0j^n}tZy,!8VbaXmp(_f">
                        <value name="cond">
                          <shadow type="textinline" id="_Thua1lx9.:1]%VmxD0^">
                            <field name="text">True</field>
                          </shadow>
                        </value>
                        <statement name="DO">
                          <block type="disclear" id="%UVw!/m6_M);}O73F4RI">
                            <next>
                              <block type="setpixel" id="of@rb8Q-@J_J8?4o_36#">
                                <field name="setpix">player_x, 4, 5</field>
                                <next>
                                  <block type="setpixel" id="e@gIk!3_!G:Z)=;LJK3a">
                                    <field name="setpix">enemy_x, enemy_y, 5</field>
                                    <next>
                                      <block type="ifinline" id="K25asfg}XqyA1Sc1k4g5">
                                        <value name="iftext">
                                          <shadow type="textinline" id="AE|RdzTnDU_+*S|[BS%+">
                                            <field name="text">True</field>
                                          </shadow>
                                          <block type="internal" id="s!:3^](#yxx34Hc1r0Yc">
                                            <field name="choose">and</field>
                                            <value name="first">
                                              <shadow type="textinline" id="r;Vd0Q;Ouv9*pK}-/HFM">
                                                <field name="text">0</field>
                                              </shadow>
                                              <block type="internal" id="qrYe|TDQ@P:%EcwgY/;_">
                                                <field name="choose">==</field>
                                                <value name="first">
                                                  <shadow type="textinline" id="f:oSL@{#L%KSej%DP+vp">
                                                    <field name="text">enemy_y</field>
                                                  </shadow>
                                                </value>
                                                <value name="last">
                                                  <shadow type="textinline" id="ATrjQsN8_.3*.AB(hv+/">
                                                    <field name="text">4</field>
                                                  </shadow>
                                                </value>
                                              </block>
                                            </value>
                                            <value name="last">
                                              <shadow type="textinline" id="`z{!7@aE?:%lbI/v)),Z">
                                                <field name="text">0</field>
                                              </shadow>
                                              <block type="internal" id="~#hQ1SMt#oIk?h`qqYAu">
                                                <field name="choose">==</field>
                                                <value name="first">
                                                  <shadow type="textinline" id="q#RYbYo87P*`sAi/0p%1">
                                                    <field name="text">enemy_x</field>
                                                  </shadow>
                                                </value>
                                                <value name="last">
                                                  <shadow type="textinline" id="f6drxXWXmq/TCotD?B(O">
                                                    <field name="text">player_x</field>
                                                  </shadow>
                                                </value>
                                              </block>
                                            </value>
                                          </block>
                                        </value>
                                        <statement name="ifstate">
                                          <block type="typeanything" id="z%_4l=!FJc)iSR{~/o]D">
                                            <field name="stuff">break</field>
                                          </block>
                                        </statement>
                                        <next>
                                          <block type="ifinline" id="WRX/td4s#aeY:8}!`9hP">
                                            <value name="iftext">
                                              <shadow type="textinline" id="#baXoxO.6w`{7u#yt~lO">
                                                <field name="text">True</field>
                                              </shadow>
                                              <block type="internal" id="3ciqA]P6CcYwtrWpnO-|">
                                                <field name="choose">and</field>
                                                <value name="first">
                                                  <shadow type="textinline" id="it6/h3td2zC4n@;XUG^5">
                                                    <field name="text">0</field>
                                                  </shadow>
                                                  <block type="buttonwaspressed" id="2?01[4=)n,e!G3yISbe+">
                                                    <field name="NAME">a</field>
                                                  </block>
                                                </value>
                                                <value name="last">
                                                  <shadow type="textinline" id="Z[_Z{H`r;cr?/JroK=Zo">
                                                    <field name="text">player_x &gt; 0</field>
                                                  </shadow>
                                                </value>
                                              </block>
                                            </value>
                                            <statement name="ifstate">
                                              <block type="varinlines" id="UD*m3b`sKE4.pq4ZC,P+">
                                                <field name="NAME">player_x</field>
                                                <field name="text">=</field>
                                                <value name="NAME">
                                                  <block type="textinline" id="xs?Ci`D3!rcu1%C9,+Cx">
                                                    <field name="text">player_x - 1</field>
                                                  </block>
                                                </value>
                                              </block>
                                            </statement>
                                            <next>
                                              <block type="ifinline" id="-J*mqx_tTW2%J/Fk=b3Q">
                                                <value name="iftext">
                                                  <shadow type="textinline" id="1Kvm(Bk^rl!a(n!^xtI.">
                                                    <field name="text">True</field>
                                                  </shadow>
                                                  <block type="internal" id="e5l+GU|:_[oYo=3)MQ,#">
                                                    <field name="choose">and</field>
                                                    <value name="first">
                                                      <shadow type="textinline" id="RRLEd*Urv.ri^j^;~)#C">
                                                        <field name="text">0</field>
                                                      </shadow>
                                                      <block type="buttonwaspressed" id="Vb=M7Be1Iq/BQX5}}:{k">
                                                        <field name="NAME">b</field>
                                                      </block>
                                                    </value>
                                                    <value name="last">
                                                      <shadow type="textinline" id="Imr~s(jqgSwfzBUMgwnF">
                                                        <field name="text">player_x &lt; 4</field>
                                                      </shadow>
                                                    </value>
                                                  </block>
                                                </value>
                                                <statement name="ifstate">
                                                  <block type="varinlines" id="T^zVdv,a%ojpT}gWCC/2">
                                                    <field name="NAME">player_x</field>
                                                    <field name="text">=</field>
                                                    <value name="NAME">
                                                      <block type="textinline" id="Mo78C8KkCPV!3J/kH5GO">
                                                        <field name="text">player_x + 1</field>
                                                      </block>
                                                    </value>
                                                  </block>
                                                </statement>
                                                <next>
                                                  <block type="varinlines" id="HQ;/AVgvtzIh3QIJ:t:y">
                                                    <field name="NAME">enemy_y</field>
                                                    <field name="text">=</field>
                                                    <value name="NAME">
                                                      <block type="textinline" id="f!^k,:k#%j^|;@i4cRl|">
                                                        <field name="text">enemy_y + 1</field>
                                                      </block>
                                                    </value>
                                                    <next>
                                                      <block type="ifinline" id="efgm)l1;01lfwLLQY1ZH">
                                                        <value name="iftext">
                                                          <shadow type="textinline" id="]]D4(YP0kpzdPIZOtNoI">
                                                            <field name="text">True</field>
                                                          </shadow>
                                                          <block type="internal" id="Km@nHx6|GSADAIVaseC+">
                                                            <field name="choose">&gt;</field>
                                                            <value name="first">
                                                              <shadow type="textinline" id="[UGhetu^DWnMkCTs3Jb@">
                                                                <field name="text">enemy_y</field>
                                                              </shadow>
                                                            </value>
                                                            <value name="last">
                                                              <shadow type="textinline" id="kGagFr}C8c^n~;4;/YLn">
                                                                <field name="text">4</field>
                                                              </shadow>
                                                            </value>
                                                          </block>
                                                        </value>
                                                        <statement name="ifstate">
                                                          <block type="varinlines" id="?EP/mIk+9]v+!`8,C{Yf">
                                                            <field name="NAME">enemy_y</field>
                                                            <field name="text">=</field>
                                                            <value name="NAME">
                                                              <block type="textinline" id="2^L|^+FZI[Yz:X),8.34">
                                                                <field name="text">0</field>
                                                              </block>
                                                            </value>
                                                            <next>
                                                              <block type="varinlines" id="DNm87E;5o!pl#9_~{s:-">
                                                                <field name="NAME">enemy_x</field>
                                                                <field name="text">=</field>
                                                                <value name="NAME">
                                                                  <block type="textinline" id="UAF:1HsbiN/;]DJTNf8T">
                                                                    <field name="text">random.randint(0,4)</field>
                                                                  </block>
                                                                </value>
                                                              </block>
                                                            </next>
                                                          </block>
                                                        </statement>
                                                        <next>
                                                          <block type="sleep" id="wv4njE8Qh:sD1J7zC=lT">
                                                            <field name="sleep">250</field>
                                                          </block>
                                                        </next>
                                                      </block>
                                                    </next>
                                                  </block>
                                                </next>
                                              </block>
                                            </next>
                                          </block>
                                        </next>
                                      </block>
                                    </next>
                                  </block>
                                </next>
                              </block>
                            </next>
                          </block>
                        </statement>
                        <next>
                          <block type="image" id="v},uwT316Oa*oE*YqCYH">
                            <field name="image">Image.NO</field>
                            <next>
                              <block type="sleep" id="FzP6,?k%7:f;JnkSFgbP">
                                <field name="sleep">500</field>
                                <next>
                                  <block type="scrollvar" id="Z8yP8kt2xryJ=2i6N.uO">
                                    <field name="message">"GAME OVER"</field>
                                  </block>
                                </next>
                              </block>
                            </next>
                          </block>
                        </next>
                      </block>
                    </next>
                  </block>
                </next>
              </block>
            </next>
          </block>
        </next>
      </block>
    </next>
  </block>
</xml>