<xml xmlns="http://www.w3.org/1999/xhtml">
  <block type="import_microbit" id="}UaJU_-^2`KrFl.r66B)" x="-415" y="-215">
    <next>
      <block type="imradio" id="rdXbrv@N5jHiuQY-{|@w">
        <next>
          <block type="imagecreate" id="D6]{b_glYI.SKpL=xW^:">
            <field name="image">myTarget</field>
            <field name="1">0</field>
            <field name="2">9</field>
            <field name="3">9</field>
            <field name="4">9</field>
            <field name="5">0</field>
            <field name="6">9</field>
            <field name="7">0</field>
            <field name="8">0</field>
            <field name="9">0</field>
            <field name="10">9</field>
            <field name="11">9</field>
            <field name="12">0</field>
            <field name="13">9</field>
            <field name="14">0</field>
            <field name="15">9</field>
            <field name="16">9</field>
            <field name="17">0</field>
            <field name="18">0</field>
            <field name="19">0</field>
            <field name="20">9</field>
            <field name="21">0</field>
            <field name="22">9</field>
            <field name="23">9</field>
            <field name="24">9</field>
            <field name="25">0</field>
            <next>
              <block type="imagecreate" id="xQx=OvE0BaJ:{sjJ.I@2">
                <field name="image">okImage</field>
                <field name="1">0</field>
                <field name="2">5</field>
                <field name="3">0</field>
                <field name="4">0</field>
                <field name="5">0</field>
                <field name="6">5</field>
                <field name="7">0</field>
                <field name="8">9</field>
                <field name="9">0</field>
                <field name="10">9</field>
                <field name="11">5</field>
                <field name="12">0</field>
                <field name="13">9</field>
                <field name="14">9</field>
                <field name="15">0</field>
                <field name="16">0</field>
                <field name="17">5</field>
                <field name="18">9</field>
                <field name="19">9</field>
                <field name="20">0</field>
                <field name="21">0</field>
                <field name="22">0</field>
                <field name="23">9</field>
                <field name="24">0</field>
                <field name="25">9</field>
                <next>
                  <block type="imagecreate" id=")ZVqvcuJ!i}UvY9Nrz-u">
                    <field name="image">winkImage</field>
                    <field name="1">0</field>
                    <field name="2">0</field>
                    <field name="3">0</field>
                    <field name="4">0</field>
                    <field name="5">0</field>
                    <field name="6">0</field>
                    <field name="7">9</field>
                    <field name="8">0</field>
                    <field name="9">9</field>
                    <field name="10">9</field>
                    <field name="11">0</field>
                    <field name="12">0</field>
                    <field name="13">0</field>
                    <field name="14">0</field>
                    <field name="15">0</field>
                    <field name="16">9</field>
                    <field name="17">0</field>
                    <field name="18">0</field>
                    <field name="19">0</field>
                    <field name="20">9</field>
                    <field name="21">0</field>
                    <field name="22">9</field>
                    <field name="23">9</field>
                    <field name="24">9</field>
                    <field name="25">0</field>
                    <next>
                      <block type="equalsblock" id="-!oj%0w=6LBs]63?uwjk">
                        <field name="1">images</field>
                        <field name="2">[]</field>
                        <next>
                          <block type="typeanything" id="m%e@sanaeT;ndgKJKV0Z">
                            <field name="stuff">images.append(myTarget)</field>
                            <next>
                              <block type="typeanything" id="!Va)-5cGi4ScA![DUEzJ">
                                <field name="stuff">images.append(Image.HEART)</field>
                                <next>
                                  <block type="typeanything" id="3(+x7XPOH-}l?=^}c[Z0">
                                    <field name="stuff">images.append(Image.ASLEEP)</field>
                                    <next>
                                      <block type="typeanything" id="c}yP`T:.][NV|~~+vv16">
                                        <field name="stuff">images.append(Image.HAPPY)</field>
                                        <next>
                                          <block type="typeanything" id="_y/r;sKp1GdubPq/QHdA">
                                            <field name="stuff">images.append(Image.MEH)</field>
                                            <next>
                                              <block type="typeanything" id="UzmZcz6`C8Q:.+V=bV;*">
                                                <field name="stuff">images.append(Image.SAD)</field>
                                                <next>
                                                  <block type="typeanything" id="uc2@FrXjgi:T4[vdLDaV">
                                                    <field name="stuff">images.append(Image.SILLY)</field>
                                                    <next>
                                                      <block type="typeanything" id="n-ISv7P80FZED#eaAQ9)">
                                                        <field name="stuff">images.append(Image.CONFUSED)</field>
                                                        <next>
                                                          <block type="typeanything" id="h8e|-r`pCt9~mTpNP4kd">
                                                            <field name="stuff">images.append(Image.FABULOUS)</field>
                                                            <next>
                                                              <block type="typeanything" id="MjZm^CnM`:`N6=2+w(Hk">
                                                                <field name="stuff">images.append(Image.SURPRISED)</field>
                                                                <next>
                                                                  <block type="typeanything" id="M9Iu])xVUX(/z/J}:7}|">
                                                                    <field name="stuff">images.append(Image.ANGRY)</field>
                                                                    <next>
                                                                      <block type="typeanything" id="XvB](Qp0X,=d1~NK1e=[">
                                                                        <field name="stuff">images.append(winkImage)</field>
                                                                        <next>
                                                                          <block type="typeanything" id="A!pcLy%PoF9Xs`ay6PDS">
                                                                            <field name="stuff">images.append(okImage)</field>
                                                                            <next>
                                                                              <block type="typeanything" id="fN#23xOUn{d6Na9JZdb`">
                                                                                <field name="stuff">images.append(Image.YES)</field>
                                                                                <next>
                                                                                  <block type="typeanything" id="U=Q@ne/pl@k/+z%XC-:J">
                                                                                    <field name="stuff">images.append(Image.NO)</field>
                                                                                    <next>
                                                                                      <block type="equalsblock" id="x?@^x!8?k!-OQ30DvIkh">
                                                                                        <field name="1">indexNum</field>
                                                                                        <field name="2">0</field>
                                                                                        <next>
                                                                                          <block type="radioconf" id="#tcEj[_{+iFOw)~1rha;">
                                                                                            <field name="conf">channel=10</field>
                                                                                            <next>
                                                                                              <block type="radioon" id="Hcbw^IvjB)0G3/WF.n3i">
                                                                                                <next>
                                                                                                  <block type="whileout" id="GIJ/,i6b64P]Ubm8yje1">
                                                                                                    <value name="cond">
                                                                                                      <shadow type="textinline" id="kfaEp?;elYdZEeUoB_ze">
                                                                                                        <field name="text">True</field>
                                                                                                      </shadow>
                                                                                                    </value>
                                                                                                    <statement name="DO">
                                                                                                      <block type="equalsblock" id=";j]i^G)o0qS;JmA@Xj[C">
                                                                                                        <field name="1">incomingMessage</field>
                                                                                                        <field name="2">radio.receive()</field>
                                                                                                        <next>
                                                                                                          <block type="ifinline" id="l@jUQqP)b3:TJ@5Nbw_{">
                                                                                                            <value name="iftext">
                                                                                                              <shadow type="textinline" id="8b:B-|ib7xNH5K1x_1[^">
                                                                                                                <field name="text">True</field>
                                                                                                              </shadow>
                                                                                                              <block type="buttonispressed" id="QvC5|=p:*E}{7t[14aaA">
                                                                                                                <field name="NAME">b</field>
                                                                                                              </block>
                                                                                                            </value>
                                                                                                            <statement name="ifstate">
                                                                                                              <block type="equalsblock" id=",9^#moNlNy+2Jpwo,R]9">
                                                                                                                <field name="1">indexNum</field>
                                                                                                                <field name="2">indexNum - 1</field>
                                                                                                                <next>
                                                                                                                  <block type="ifinline" id="M0bN^~uQD7XB0H:K*quC">
                                                                                                                    <value name="iftext">
                                                                                                                      <shadow type="textinline" id=";o32OTNGr+(DtmDNG)0Z">
                                                                                                                        <field name="text">True</field>
                                                                                                                      </shadow>
                                                                                                                      <block type="internal" id=";a{%n,dwZB[x@:8.GMLS">
                                                                                                                        <field name="choose">&lt;</field>
                                                                                                                        <value name="first">
                                                                                                                          <shadow type="textinline" id="7ZH-bUJ#u7X{zHZT;tx1">
                                                                                                                            <field name="text">indexNum</field>
                                                                                                                          </shadow>
                                                                                                                        </value>
                                                                                                                        <value name="last">
                                                                                                                          <shadow type="textinline" id="h+`))74Q6x{R:O]98n6j">
                                                                                                                            <field name="text">0</field>
                                                                                                                          </shadow>
                                                                                                                        </value>
                                                                                                                      </block>
                                                                                                                    </value>
                                                                                                                    <statement name="ifstate">
                                                                                                                      <block type="equalsblock" id="v~1Ohx5-mLSH@ht#~Ya;">
                                                                                                                        <field name="1">indexNum</field>
                                                                                                                        <field name="2">0</field>
                                                                                                                      </block>
                                                                                                                    </statement>
                                                                                                                  </block>
                                                                                                                </next>
                                                                                                              </block>
                                                                                                            </statement>
                                                                                                            <next>
                                                                                                              <block type="ifinline" id="Joh1|P@XfGIC0(06Lshi">
                                                                                                                <value name="iftext">
                                                                                                                  <shadow type="textinline" id="8b:B-|ib7xNH5K1x_1[^">
                                                                                                                    <field name="text">True</field>
                                                                                                                  </shadow>
                                                                                                                  <block type="buttonispressed" id="oG`|DdTG-pK[0*AhVVzZ">
                                                                                                                    <field name="NAME">a</field>
                                                                                                                  </block>
                                                                                                                </value>
                                                                                                                <statement name="ifstate">
                                                                                                                  <block type="equalsblock" id="X`y+;wsS`T4f^k:2}K?R">
                                                                                                                    <field name="1">indexNum</field>
                                                                                                                    <field name="2">indexNum + 1</field>
                                                                                                                    <next>
                                                                                                                      <block type="ifinline" id="ILP!MqNCVVJ+MU|HtTaJ">
                                                                                                                        <value name="iftext">
                                                                                                                          <shadow type="textinline" id=";o32OTNGr+(DtmDNG)0Z">
                                                                                                                            <field name="text">True</field>
                                                                                                                          </shadow>
                                                                                                                          <block type="internal" id="Rb}*P4vuM_YY3;d1YN.I">
                                                                                                                            <field name="choose">&gt;</field>
                                                                                                                            <value name="first">
                                                                                                                              <shadow type="textinline" id="0YqF3KrQupFUA:kEjeO=">
                                                                                                                                <field name="text">indexNum</field>
                                                                                                                              </shadow>
                                                                                                                            </value>
                                                                                                                            <value name="last">
                                                                                                                              <shadow type="textinline" id=",`foE;Ta3t2q:z?WE=I1">
                                                                                                                                <field name="text">len(images) - 1</field>
                                                                                                                              </shadow>
                                                                                                                            </value>
                                                                                                                          </block>
                                                                                                                        </value>
                                                                                                                        <statement name="ifstate">
                                                                                                                          <block type="equalsblock" id="igz?{QMar2/L|3VZ.OW]">
                                                                                                                            <field name="1">indexNum</field>
                                                                                                                            <field name="2">len(images) - 1</field>
                                                                                                                          </block>
                                                                                                                        </statement>
                                                                                                                      </block>
                                                                                                                    </next>
                                                                                                                  </block>
                                                                                                                </statement>
                                                                                                                <next>
                                                                                                                  <block type="ifinline" id="tjpLsaBnOlKl/_U0;pke">
                                                                                                                    <value name="iftext">
                                                                                                                      <shadow type="textinline" id="(*lkK%:h!vt,yj|Iv1si">
                                                                                                                        <field name="text">True</field>
                                                                                                                      </shadow>
                                                                                                                      <block type="internal" id="=FUUvh]|+_;10q]_Yn/J">
                                                                                                                        <field name="choose">and</field>
                                                                                                                        <value name="first">
                                                                                                                          <shadow type="textinline" id="!p)C]:*3+hlUWbibm/Zk">
                                                                                                                            <field name="text">0</field>
                                                                                                                          </shadow>
                                                                                                                          <block type="buttonispressed" id="y(fRh%0ZVZ#q2k|oEh5X">
                                                                                                                            <field name="NAME">a</field>
                                                                                                                          </block>
                                                                                                                        </value>
                                                                                                                        <value name="last">
                                                                                                                          <shadow type="textinline" id="G)%6J!_8yWuYdC-*#y_[">
                                                                                                                            <field name="text">0</field>
                                                                                                                          </shadow>
                                                                                                                          <block type="buttonispressed" id="I0:9ChC4@^k)lg~epKIH">
                                                                                                                            <field name="NAME">b</field>
                                                                                                                          </block>
                                                                                                                        </value>
                                                                                                                      </block>
                                                                                                                    </value>
                                                                                                                    <statement name="ifstate">
                                                                                                                      <block type="typeanything" id="u0i2%qy3SNo,AC?)#FH8">
                                                                                                                        <field name="stuff">radio.send(str(indexNum))</field>
                                                                                                                      </block>
                                                                                                                    </statement>
                                                                                                                    <next>
                                                                                                                      <block type="ifinline" id="oWvh3|:wLZThB#%TmThO">
                                                                                                                        <value name="iftext">
                                                                                                                          <shadow type="textinline" id="x[RQ_0SMzZ.kW8Gq#b[e">
                                                                                                                            <field name="text">incomingMessage</field>
                                                                                                                          </shadow>
                                                                                                                        </value>
                                                                                                                        <statement name="ifstate">
                                                                                                                          <block type="image" id="],0f:M9fV*,1r4KF=m`y">
                                                                                                                            <field name="image">myTarget</field>
                                                                                                                            <next>
                                                                                                                              <block type="sleep" id="[B`Bv9jUF.g(`7~))VpS">
                                                                                                                                <field name="sleep">500</field>
                                                                                                                                <next>
                                                                                                                                  <block type="image" id="X3ONLw=YX+:;Pd0=V];@">
                                                                                                                                    <field name="image">images[int(incomingMessage)]</field>
                                                                                                                                    <next>
                                                                                                                                      <block type="sleep" id="9KjD/Fb]/yw`X:61!-V[">
                                                                                                                                        <field name="sleep">2000</field>
                                                                                                                                      </block>
                                                                                                                                    </next>
                                                                                                                                  </block>
                                                                                                                                </next>
                                                                                                                              </block>
                                                                                                                            </next>
                                                                                                                          </block>
                                                                                                                        </statement>
                                                                                                                        <next>
                                                                                                                          <block type="sleep" id="evm#MI0mrDB[[/3!}J0K">
                                                                                                                            <field name="sleep">500</field>
                                                                                                                            <next>
                                                                                                                              <block type="image" id="tptW,IS#jM0)4]X[9EJD">
                                                                                                                                <field name="image">images[indexNum]</field>
                                                                                                                              </block>
                                                                                                                            </next>
                                                                                                                          </block>
                                                                                                                        </next>
                                                                                                                      </block>
                                                                                                                    </next>
                                                                                                                  </block>
                                                                                                                </next>
                                                                                                              </block>
                                                                                                            </next>
                                                                                                          </block>
                                                                                                        </next>
                                                                                                      </block>
                                                                                                    </statement>
                                                                                                  </block>
                                                                                                </next>
                                                                                              </block>
                                                                                            </next>
                                                                                          </block>
                                                                                        </next>
                                                                                      </block>
                                                                                    </next>
                                                                                  </block>
                                                                                </next>
                                                                              </block>
                                                                            </next>
                                                                          </block>
                                                                        </next>
                                                                      </block>
                                                                    </next>
                                                                  </block>
                                                                </next>
                                                              </block>
                                                            </next>
                                                          </block>
                                                        </next>
                                                      </block>
                                                    </next>
                                                  </block>
                                                </next>
                                              </block>
                                            </next>
                                          </block>
                                        </next>
                                      </block>
                                    </next>
                                  </block>
                                </next>
                              </block>
                            </next>
                          </block>
                        </next>
                      </block>
                    </next>
                  </block>
                </next>
              </block>
            </next>
          </block>
        </next>
      </block>
    </next>
  </block>
</xml>