<xml xmlns="http://www.w3.org/1999/xhtml">
  <block type="import_microbit" id="Ld5ZRXH+{9r%}U-*7*o." x="-131" y="-150">
    <next>
      <block type="random" id="/{[MHM{mD];8!;e`=yv}">
        <next>
          <block type="equalsblock" id="Jz]1Q,D4Fxp|^KQ,/cq-">
            <field name="1">maxScore</field>
            <field name="2">6</field>
            <next>
              <block type="equalsblock" id="d2=RRd.w`V@]AQ}L]Gy,">
                <field name="1">gestureSensitivity</field>
                <field name="2">120</field>
                <next>
                  <block type="equalsblock" id="Xb/Bo-t@Hf3b_.%_Z@!T">
                    <field name="1">delay</field>
                    <field name="2">250</field>
                    <next>
                      <block type="equalsblock" id="|k:fMefP@sFNVe:]C7-G">
                        <field name="1">padX</field>
                        <field name="2">4</field>
                        <next>
                          <block type="equalsblock" id="sS6O,bFVuoObQBX5/vUR">
                            <field name="1">padY</field>
                            <field name="2">2</field>
                            <next>
                              <block type="setpixel" id="KA?6sj9!qaURiq2q3vW0">
                                <field name="setpix">padX, padY, 9</field>
                                <next>
                                  <block type="equalsblock" id="PBcD#t7./kH8OBdRtyxf">
                                    <field name="1">ballX</field>
                                    <field name="2">random.randint(0, 4)</field>
                                    <next>
                                      <block type="equalsblock" id="k!@[}EV}_ju~(C.1Ww?a">
                                        <field name="1">ballY</field>
                                        <field name="2">0</field>
                                        <next>
                                          <block type="setpixel" id="A+Qi{.bCWf)4-T500Dw1">
                                            <field name="setpix">ballX, ballY, 5</field>
                                            <next>
                                              <block type="equalsblock" id="`vN*FOat!d^D1}|1P9TN">
                                                <field name="1">ballDirection</field>
                                                <field name="2">1</field>
                                                <next>
                                                  <block type="equalsblock" id="/BQ2PM4_KCj^dg+7gm0j">
                                                    <field name="1">hitCount</field>
                                                    <field name="2">0</field>
                                                    <next>
                                                      <block type="equalsblock" id="T}IC8:EXTauou/tzXS2s">
                                                        <field name="1">gameOn</field>
                                                        <field name="2">True</field>
                                                        <next>
                                                          <block type="whileout" id="V)o+FJ2=u5Ea!j(`#mD;">
                                                            <value name="cond">
                                                              <shadow type="textinline" id="eY-J4XhAeMR7=[7vFzKR">
                                                                <field name="text">True</field>
                                                              </shadow>
                                                              <block type="textinline" id=":@_E=^1aiqQNe4Z,],N7">
                                                                <field name="text">gameOn</field>
                                                              </block>
                                                            </value>
                                                            <statement name="DO">
                                                              <block type="sleep" id="Npw;.-KhXGqwsGhc;Gp3">
                                                                <field name="sleep">delay * 2</field>
                                                                <next>
                                                                  <block type="equalsblock" id="tLa#`n5MLa.#[K3@@[48">
                                                                    <field name="1">xVal</field>
                                                                    <field name="2">accelerometer.get_x()</field>
                                                                    <next>
                                                                      <block type="equalsblock" id="`{F(nPG@;sq~427;F^Ex">
                                                                        <field name="1">yVal</field>
                                                                        <field name="2">accelerometer.get_y()</field>
                                                                        <next>
                                                                          <block type="equalsblock" id="{S8Lp!Q[My~WE4+h=Z_D">
                                                                            <field name="1">oldPadX</field>
                                                                            <field name="2">padX</field>
                                                                            <next>
                                                                              <block type="equalsblock" id="?=lmb*~B0NzcSYRiWPVi">
                                                                                <field name="1">oldPadY</field>
                                                                                <field name="2">padY</field>
                                                                                <next>
                                                                                  <block type="ifinline" id="-B*Ue4@%^-%p(-1Eqf#j">
                                                                                    <value name="iftext">
                                                                                      <shadow type="textinline" id="(jiY7E?5vmCUJJ9S%_(?">
                                                                                        <field name="text">True</field>
                                                                                      </shadow>
                                                                                      <block type="internal" id="V8FdbB_M|5;d)[wlL;1{">
                                                                                        <field name="choose">&gt;</field>
                                                                                        <value name="first">
                                                                                          <shadow type="textinline" id="BX(jZJM_41S)5IW.s5C;">
                                                                                            <field name="text">xVal</field>
                                                                                          </shadow>
                                                                                        </value>
                                                                                        <value name="last">
                                                                                          <shadow type="textinline" id="LX.+wD[s~7cd~@H8/!HX">
                                                                                            <field name="text">gestureSensitivity</field>
                                                                                          </shadow>
                                                                                        </value>
                                                                                      </block>
                                                                                    </value>
                                                                                    <statement name="ifstate">
                                                                                      <block type="equalsblock" id="gl[(RLNhiZw3V^})3T!g">
                                                                                        <field name="1">padX</field>
                                                                                        <field name="2">oldPadX + 1</field>
                                                                                      </block>
                                                                                    </statement>
                                                                                    <next>
                                                                                      <block type="elifinline" id="^!/eO7lP1K9oFM_e|EYp">
                                                                                        <value name="iftext">
                                                                                          <shadow type="textinline" id="ha)s*[K]p}BuH:3!#^Q1">
                                                                                            <field name="text">True</field>
                                                                                          </shadow>
                                                                                          <block type="internal" id=";=^uyuutb+Xe~D@f#8ez">
                                                                                            <field name="choose">&lt;</field>
                                                                                            <value name="first">
                                                                                              <shadow type="textinline" id="Js{n!GuE)))aSa+0N~lj">
                                                                                                <field name="text">xVal</field>
                                                                                              </shadow>
                                                                                            </value>
                                                                                            <value name="last">
                                                                                              <shadow type="textinline" id="yY~1CK}tlG6R+.!qv4TP">
                                                                                                <field name="text">-gestureSensitivity</field>
                                                                                              </shadow>
                                                                                            </value>
                                                                                          </block>
                                                                                        </value>
                                                                                        <statement name="ifstate">
                                                                                          <block type="equalsblock" id="C:?[c}eev,5vh_`Pe9nw">
                                                                                            <field name="1">padX</field>
                                                                                            <field name="2">oldPadX - 1</field>
                                                                                          </block>
                                                                                        </statement>
                                                                                        <next>
                                                                                          <block type="else" id="HWF.OjcwMaePe!_o+Z%R">
                                                                                            <statement name="DO">
                                                                                              <block type="equalsblock" id="uAp{9d8=7Qs*zO,r+g@*">
                                                                                                <field name="1">padX</field>
                                                                                                <field name="2">oldPadX</field>
                                                                                              </block>
                                                                                            </statement>
                                                                                            <next>
                                                                                              <block type="ifinline" id="ML?i90%1A}RsQS+ZE:(F">
                                                                                                <value name="iftext">
                                                                                                  <shadow type="textinline" id="u*rT.8f=2^19:_fD:+xh">
                                                                                                    <field name="text">True</field>
                                                                                                  </shadow>
                                                                                                  <block type="internal" id="gB6[a|?,C@hX4gmZDBZ=">
                                                                                                    <field name="choose">&lt;</field>
                                                                                                    <value name="first">
                                                                                                      <shadow type="textinline" id="GJ1;nLNxNI7hsH:kYE0F">
                                                                                                        <field name="text">padX</field>
                                                                                                      </shadow>
                                                                                                    </value>
                                                                                                    <value name="last">
                                                                                                      <shadow type="textinline" id="`Elz^1TJ79kV@@STL`]e">
                                                                                                        <field name="text">0</field>
                                                                                                      </shadow>
                                                                                                    </value>
                                                                                                  </block>
                                                                                                </value>
                                                                                                <statement name="ifstate">
                                                                                                  <block type="equalsblock" id="i:*9*dOHo2k#TJ7|/)f2">
                                                                                                    <field name="1">padX</field>
                                                                                                    <field name="2">0</field>
                                                                                                  </block>
                                                                                                </statement>
                                                                                                <next>
                                                                                                  <block type="ifinline" id="N~0FRF`(%1xs.vnE{/^E">
                                                                                                    <value name="iftext">
                                                                                                      <shadow type="textinline" id="u*rT.8f=2^19:_fD:+xh">
                                                                                                        <field name="text">True</field>
                                                                                                      </shadow>
                                                                                                      <block type="internal" id="|[%94t|l0g22~Rm2l(Ew">
                                                                                                        <field name="choose">&gt;</field>
                                                                                                        <value name="first">
                                                                                                          <shadow type="textinline" id="!kkfa_q*VNYFaiaCMJh6">
                                                                                                            <field name="text">padX</field>
                                                                                                          </shadow>
                                                                                                        </value>
                                                                                                        <value name="last">
                                                                                                          <shadow type="textinline" id="AC1.;h#X+3~)c(=8sm?@">
                                                                                                            <field name="text">4</field>
                                                                                                          </shadow>
                                                                                                        </value>
                                                                                                      </block>
                                                                                                    </value>
                                                                                                    <statement name="ifstate">
                                                                                                      <block type="equalsblock" id="[{pl}w5R#a.:kFYN0bkp">
                                                                                                        <field name="1">padX</field>
                                                                                                        <field name="2">4</field>
                                                                                                      </block>
                                                                                                    </statement>
                                                                                                    <next>
                                                                                                      <block type="ifinline" id="{qQ/yF.!wHF(NugldIh9">
                                                                                                        <value name="iftext">
                                                                                                          <shadow type="textinline" id="(jiY7E?5vmCUJJ9S%_(?">
                                                                                                            <field name="text">True</field>
                                                                                                          </shadow>
                                                                                                          <block type="internal" id="!+UA9e=+#i{{lVykSmW4">
                                                                                                            <field name="choose">&gt;</field>
                                                                                                            <value name="first">
                                                                                                              <shadow type="textinline" id="k.fBQ%|;vfAW2AxPb.9o">
                                                                                                                <field name="text">yVal</field>
                                                                                                              </shadow>
                                                                                                            </value>
                                                                                                            <value name="last">
                                                                                                              <shadow type="textinline" id="hk;:@;f+(o1gr/V3kAP:">
                                                                                                                <field name="text">gestureSensitivity</field>
                                                                                                              </shadow>
                                                                                                            </value>
                                                                                                          </block>
                                                                                                        </value>
                                                                                                        <statement name="ifstate">
                                                                                                          <block type="equalsblock" id="8E[9o-IH7`RPMKEL]vyY">
                                                                                                            <field name="1">padY</field>
                                                                                                            <field name="2">oldPadY + 1</field>
                                                                                                          </block>
                                                                                                        </statement>
                                                                                                        <next>
                                                                                                          <block type="elifinline" id="uID?Sy3{{#*/4V+caE)1">
                                                                                                            <value name="iftext">
                                                                                                              <shadow type="textinline" id="ha)s*[K]p}BuH:3!#^Q1">
                                                                                                                <field name="text">True</field>
                                                                                                              </shadow>
                                                                                                              <block type="internal" id="Q{Q,?,wJG4SF(EQK=D_V">
                                                                                                                <field name="choose">&lt;</field>
                                                                                                                <value name="first">
                                                                                                                  <shadow type="textinline" id="Y,?Z[eB+H%V~Jmk.}dL_">
                                                                                                                    <field name="text">yVal</field>
                                                                                                                  </shadow>
                                                                                                                </value>
                                                                                                                <value name="last">
                                                                                                                  <shadow type="textinline" id="n*ex.rm4GN7bw1d,C,wC">
                                                                                                                    <field name="text">-gestureSensitivity</field>
                                                                                                                  </shadow>
                                                                                                                </value>
                                                                                                              </block>
                                                                                                            </value>
                                                                                                            <statement name="ifstate">
                                                                                                              <block type="equalsblock" id="Z2v{7H3=fUTg/h]~F[tx">
                                                                                                                <field name="1">padY</field>
                                                                                                                <field name="2">oldPadY - 1</field>
                                                                                                              </block>
                                                                                                            </statement>
                                                                                                            <next>
                                                                                                              <block type="else" id="7k*^C1e7|pD|HeetGHXv">
                                                                                                                <statement name="DO">
                                                                                                                  <block type="equalsblock" id="o~Axdd~AZe}jb~Xfjeyg">
                                                                                                                    <field name="1">padY</field>
                                                                                                                    <field name="2">oldPadY</field>
                                                                                                                  </block>
                                                                                                                </statement>
                                                                                                                <next>
                                                                                                                  <block type="ifinline" id="ZRfc)kp*WEIVc~%V)qB`">
                                                                                                                    <value name="iftext">
                                                                                                                      <shadow type="textinline" id="u*rT.8f=2^19:_fD:+xh">
                                                                                                                        <field name="text">True</field>
                                                                                                                      </shadow>
                                                                                                                      <block type="internal" id="N7{Y6Z6^o[uYcy/+1g(p">
                                                                                                                        <field name="choose">&lt;</field>
                                                                                                                        <value name="first">
                                                                                                                          <shadow type="textinline" id="R`5W9R9s-81|Q7Us6GwJ">
                                                                                                                            <field name="text">padY</field>
                                                                                                                          </shadow>
                                                                                                                        </value>
                                                                                                                        <value name="last">
                                                                                                                          <shadow type="textinline" id="SQoQDI46I`vv|;E7x.]N">
                                                                                                                            <field name="text">0</field>
                                                                                                                          </shadow>
                                                                                                                        </value>
                                                                                                                      </block>
                                                                                                                    </value>
                                                                                                                    <statement name="ifstate">
                                                                                                                      <block type="equalsblock" id="zFfg.A2M.v0;TU/q%j~K">
                                                                                                                        <field name="1">padX</field>
                                                                                                                        <field name="2">0</field>
                                                                                                                      </block>
                                                                                                                    </statement>
                                                                                                                    <next>
                                                                                                                      <block type="ifinline" id="B#%13{}ojDX^MNo|B=!d">
                                                                                                                        <value name="iftext">
                                                                                                                          <shadow type="textinline" id="u*rT.8f=2^19:_fD:+xh">
                                                                                                                            <field name="text">True</field>
                                                                                                                          </shadow>
                                                                                                                          <block type="internal" id="l+j_VyzvN9I.ouRnsr~,">
                                                                                                                            <field name="choose">&gt;</field>
                                                                                                                            <value name="first">
                                                                                                                              <shadow type="textinline" id="[onlQ788Lm#Wr])DaK)L">
                                                                                                                                <field name="text">padY</field>
                                                                                                                              </shadow>
                                                                                                                            </value>
                                                                                                                            <value name="last">
                                                                                                                              <shadow type="textinline" id="UqOX%X61jvRxk-d{i#Wl">
                                                                                                                                <field name="text">4</field>
                                                                                                                              </shadow>
                                                                                                                            </value>
                                                                                                                          </block>
                                                                                                                        </value>
                                                                                                                        <statement name="ifstate">
                                                                                                                          <block type="equalsblock" id="()q?97y`H7~#9n_?;Enh">
                                                                                                                            <field name="1">padX</field>
                                                                                                                            <field name="2">4</field>
                                                                                                                          </block>
                                                                                                                        </statement>
                                                                                                                        <next>
                                                                                                                          <block type="setpixel" id="^*E+~N`2PPV,Mi?l-VDg">
                                                                                                                            <field name="setpix">oldPaX, padY, 0</field>
                                                                                                                            <next>
                                                                                                                              <block type="setpixel" id="ym#%YnUyH@kd|4FUY=5N">
                                                                                                                                <field name="setpix">padX, padY, 9</field>
                                                                                                                              </block>
                                                                                                                            </next>
                                                                                                                          </block>
                                                                                                                        </next>
                                                                                                                      </block>
                                                                                                                    </next>
                                                                                                                  </block>
                                                                                                                </next>
                                                                                                              </block>
                                                                                                            </next>
                                                                                                          </block>
                                                                                                        </next>
                                                                                                      </block>
                                                                                                    </next>
                                                                                                  </block>
                                                                                                </next>
                                                                                              </block>
                                                                                            </next>
                                                                                          </block>
                                                                                        </next>
                                                                                      </block>
                                                                                    </next>
                                                                                  </block>
                                                                                </next>
                                                                              </block>
                                                                            </next>
                                                                          </block>
                                                                        </next>
                                                                      </block>
                                                                    </next>
                                                                  </block>
                                                                </next>
                                                              </block>
                                                            </statement>
                                                          </block>
                                                        </next>
                                                      </block>
                                                    </next>
                                                  </block>
                                                </next>
                                              </block>
                                            </next>
                                          </block>
                                        </next>
                                      </block>
                                    </next>
                                  </block>
                                </next>
                              </block>
                            </next>
                          </block>
                        </next>
                      </block>
                    </next>
                  </block>
                </next>
              </block>
            </next>
          </block>
        </next>
      </block>
    </next>
  </block>
</xml>