<xml xmlns="http://www.w3.org/1999/xhtml">
  <block type="import_microbit" id="rH(3V{a|+I3o6kk_Z[jC" x="9" y="-203">
    <next>
      <block type="musicimport" id=";2.:WJ2G5!~|`s]+h|M,">
        <next>
          <block type="varinlines" id=")s=^9!?74}6,znMK+K{9">
            <field name="NAME">on</field>
            <field name="text">=</field>
            <value name="NAME">
              <block type="textinline" id="R8VwRcMd^Us{a-CPYI)X">
                <field name="text">False</field>
              </block>
            </value>
            <next>
              <block type="equalsblock" id="zYPZ^4x9HQ.]Zj3D1Wn/">
                <field name="1">minPitch</field>
                <field name="2">100</field>
                <next>
                  <block type="equalsblock" id="n)wU?Jo6yM^*+[,}l33x">
                    <field name="1">maxPitch</field>
                    <field name="2">3900</field>
                    <next>
                      <block type="varinlines" id="1i@FeqI`V(K-9xByI39*">
                        <field name="NAME">freq</field>
                        <field name="text">=</field>
                        <value name="NAME">
                          <block type="textinline" id=":6i2qI)E+Eld+drq=)|7">
                            <field name="text">1000</field>
                          </block>
                        </value>
                        <next>
                          <block type="whileout" id="h~NDB%C!1@@FNydCzEK1">
                            <value name="cond">
                              <shadow type="textinline" id="x79XKTfnVmDa`082J4#9">
                                <field name="text">True</field>
                              </shadow>
                            </value>
                            <statement name="DO">
                              <block type="image" id="rWB}S6Ot*|h[WU+mFBo)">
                                <field name="image">Image.ARROW_W</field>
                                <next>
                                  <block type="ifinline" id="3e45GAB:9mW!a,x%aGw;">
                                    <value name="iftext">
                                      <shadow type="textinline" id="BO}.5N{q[~4!TL=9@Uwh">
                                        <field name="text">True</field>
                                      </shadow>
                                      <block type="buttonispressed" id="N.%F.bG/BD,.tsgzy{K*">
                                        <field name="NAME">a</field>
                                      </block>
                                    </value>
                                    <statement name="ifstate">
                                      <block type="varinlines" id="Qz0MbiYf8gp/Lus~;c9A">
                                        <field name="NAME">on</field>
                                        <field name="text">=</field>
                                        <value name="NAME">
                                          <block type="textinline" id="X(Rqs|x9FkL`*]I!XGa;">
                                            <field name="text">True</field>
                                          </block>
                                        </value>
                                        <next>
                                          <block type="image" id="R%f+6XZN[C_(H[;y/JWZ">
                                            <field name="image">Image.ARROW_E</field>
                                          </block>
                                        </next>
                                      </block>
                                    </statement>
                                    <next>
                                      <block type="whileout" id="9H4|-~T7(]0^~f3UG_ZP">
                                        <value name="cond">
                                          <shadow type="textinline" id="zFI,`J:J0:~:g/1vZ6M+">
                                            <field name="text">True</field>
                                          </shadow>
                                          <block type="textinline" id="rd)v;b!fv_MFh8XifKZI">
                                            <field name="text">on</field>
                                          </block>
                                        </value>
                                        <statement name="DO">
                                          <block type="ifinline" id="ttvzGX5*PUJNv)I7*R=d">
                                            <value name="iftext">
                                              <shadow type="textinline" id="*oPY56^7YYu!2nbPPD(Z">
                                                <field name="text">True</field>
                                              </shadow>
                                              <block type="internal" id="q+xt)2B|2(3t=kZ(uc1x">
                                                <field name="choose">&gt;</field>
                                                <value name="first">
                                                  <shadow type="textinline" id="a8-*;SvB@HIsbIp5h}+8">
                                                    <field name="text">accelerometer.get_y()</field>
                                                  </shadow>
                                                </value>
                                                <value name="last">
                                                  <shadow type="textinline" id="sC!JW?OESu@fD)+iHTEz">
                                                    <field name="text">10</field>
                                                  </shadow>
                                                </value>
                                              </block>
                                            </value>
                                            <statement name="ifstate">
                                              <block type="varinlines" id="Ya:mG0qsFW(@2I!s%]n4">
                                                <field name="NAME">freq</field>
                                                <field name="text">=</field>
                                                <value name="NAME">
                                                  <block type="textinline" id="3wNg,W(faLsTiIx=:Y%C">
                                                    <field name="text">freq + 100</field>
                                                  </block>
                                                </value>
                                                <next>
                                                  <block type="ifinline" id="W9fhi,lw.j@|-c|%s^RD">
                                                    <value name="iftext">
                                                      <shadow type="textinline" id="KrQ,-TfZV.cb4@!Tr^K)">
                                                        <field name="text">True</field>
                                                      </shadow>
                                                      <block type="internal" id="QxeELNI?AHb{vzU@45a/">
                                                        <field name="choose">&gt;</field>
                                                        <value name="first">
                                                          <shadow type="textinline" id="se+60}aKnfh7Bht2!Nbt">
                                                            <field name="text">freq</field>
                                                          </shadow>
                                                        </value>
                                                        <value name="last">
                                                          <shadow type="textinline" id="}yen81C~k:t=KH(rE*Uy">
                                                            <field name="text">maxPitch</field>
                                                          </shadow>
                                                        </value>
                                                      </block>
                                                    </value>
                                                    <statement name="ifstate">
                                                      <block type="varinlines" id="-=)s|QFdKQwAs3`KEE3j">
                                                        <field name="NAME">freq</field>
                                                        <field name="text">=</field>
                                                        <value name="NAME">
                                                          <block type="textinline" id="=O%7%g+_q`3E:2r:CTtk">
                                                            <field name="text">maxPitch</field>
                                                          </block>
                                                        </value>
                                                      </block>
                                                    </statement>
                                                    <next>
                                                      <block type="musicpitch" id="~qq+Y*vHxTdipz-_dwaD">
                                                        <field name="musicpitch">freq, 100</field>
                                                      </block>
                                                    </next>
                                                  </block>
                                                </next>
                                              </block>
                                            </statement>
                                            <next>
                                              <block type="elifinline" id="CI;~8~VHlWFIMKQLB^}b">
                                                <value name="iftext">
                                                  <shadow type="textinline" id="|ZJ7=be}qZ!cTaj3Rxt0">
                                                    <field name="text">True</field>
                                                  </shadow>
                                                  <block type="internal" id="#Q1|1Z*q/)Zm2t08j#]Y">
                                                    <field name="choose">&lt;</field>
                                                    <value name="first">
                                                      <shadow type="textinline" id="+p`KIti),lc}p@i:9qP4">
                                                        <field name="text">accelerometer.get_y()</field>
                                                      </shadow>
                                                    </value>
                                                    <value name="last">
                                                      <shadow type="textinline" id="C9;@mb7ygAoVygjIAp5w">
                                                        <field name="text">10</field>
                                                      </shadow>
                                                    </value>
                                                  </block>
                                                </value>
                                                <statement name="ifstate">
                                                  <block type="varinlines" id="8A-Cp8,kjd.?Fo0j`:?^">
                                                    <field name="NAME">freq</field>
                                                    <field name="text">=</field>
                                                    <value name="NAME">
                                                      <block type="textinline" id="Eo5Kf(X5nqQN{u;4c,Mv">
                                                        <field name="text">freq - 100</field>
                                                      </block>
                                                    </value>
                                                    <next>
                                                      <block type="ifinline" id="DwRRV}0iQhOlX{SOv/f4">
                                                        <value name="iftext">
                                                          <shadow type="textinline" id="+/_!-AZH-wG3H@@uZ]h5">
                                                            <field name="text">True</field>
                                                          </shadow>
                                                          <block type="internal" id="^L#@^xBrgmNHp~|0)]S6">
                                                            <field name="choose">&lt;</field>
                                                            <value name="first">
                                                              <shadow type="textinline" id="lO+4#!Fr@@H0Pz`vR=bU">
                                                                <field name="text">freq</field>
                                                              </shadow>
                                                            </value>
                                                            <value name="last">
                                                              <shadow type="textinline" id="Kyz:Q;E;Ze1tbq=~z;6.">
                                                                <field name="text">minPitch</field>
                                                              </shadow>
                                                            </value>
                                                          </block>
                                                        </value>
                                                        <statement name="ifstate">
                                                          <block type="varinlines" id="[0Q`*%;Z*?lc[EJ1SLkJ">
                                                            <field name="NAME">freq</field>
                                                            <field name="text">=</field>
                                                            <value name="NAME">
                                                              <block type="textinline" id="48SnrW7#F!(`4|fvp9z-">
                                                                <field name="text">minPitch</field>
                                                              </block>
                                                            </value>
                                                          </block>
                                                        </statement>
                                                        <next>
                                                          <block type="musicpitch" id="It{U!%t+C6u;RAzTZ^w]">
                                                            <field name="musicpitch">freq, 100</field>
                                                          </block>
                                                        </next>
                                                      </block>
                                                    </next>
                                                  </block>
                                                </statement>
                                                <next>
                                                  <block type="else" id="wyc,E9Hc:w,vV{A}(#wq">
                                                    <statement name="DO">
                                                      <block type="musicpitch" id="G,1jLkFAr|hni!LksbBg">
                                                        <field name="musicpitch">freq, 100</field>
                                                      </block>
                                                    </statement>
                                                    <next>
                                                      <block type="ifinline" id="7Q^9Lh25L/OUqyj8)@YO">
                                                        <value name="iftext">
                                                          <shadow type="textinline" id="BO}.5N{q[~4!TL=9@Uwh">
                                                            <field name="text">True</field>
                                                          </shadow>
                                                          <block type="buttonispressed" id="Wt7T1xy_WqpA21-9ts+g">
                                                            <field name="NAME">b</field>
                                                          </block>
                                                        </value>
                                                        <statement name="ifstate">
                                                          <block type="varinlines" id=":anV~w-j!)%^poVHQL-7">
                                                            <field name="NAME">on</field>
                                                            <field name="text">=</field>
                                                            <value name="NAME">
                                                              <block type="textinline" id=",h]W^.coIr!?49E!HQcN">
                                                                <field name="text">False</field>
                                                              </block>
                                                            </value>
                                                          </block>
                                                        </statement>
                                                      </block>
                                                    </next>
                                                  </block>
                                                </next>
                                              </block>
                                            </next>
                                          </block>
                                        </statement>
                                      </block>
                                    </next>
                                  </block>
                                </next>
                              </block>
                            </statement>
                          </block>
                        </next>
                      </block>
                    </next>
                  </block>
                </next>
              </block>
            </next>
          </block>
        </next>
      </block>
    </next>
  </block>
</xml>