<xml xmlns="http://www.w3.org/1999/xhtml">
  <block type="import_microbit" id="[J-p~cvx(NIEMNYGzO3c" x="149" y="-135">
    <next>
      <block type="imagecreate" id="4GAeGqB,9W|p/1FuXY(]">
        <field name="image">frame1</field>
        <field name="1">2</field>
        <field name="2">2</field>
        <field name="3">2</field>
        <field name="4">2</field>
        <field name="5">2</field>
        <field name="6">2</field>
        <field name="7">0</field>
        <field name="8">0</field>
        <field name="9">0</field>
        <field name="10">2</field>
        <field name="11">2</field>
        <field name="12">0</field>
        <field name="13">0</field>
        <field name="14">0</field>
        <field name="15">2</field>
        <field name="16">2</field>
        <field name="17">0</field>
        <field name="18">0</field>
        <field name="19">0</field>
        <field name="20">2</field>
        <field name="21">2</field>
        <field name="22">2</field>
        <field name="23">2</field>
        <field name="24">2</field>
        <field name="25">2</field>
        <next>
          <block type="imagecreate" id="sbbT`+2,*Q]XPTItdgbZ">
            <field name="image">frame2</field>
            <field name="1">2</field>
            <field name="2">2</field>
            <field name="3">2</field>
            <field name="4">2</field>
            <field name="5">2</field>
            <field name="6">2</field>
            <field name="7">0</field>
            <field name="8">0</field>
            <field name="9">0</field>
            <field name="10">2</field>
            <field name="11">2</field>
            <field name="12">0</field>
            <field name="13">9</field>
            <field name="14">0</field>
            <field name="15">2</field>
            <field name="16">2</field>
            <field name="17">0</field>
            <field name="18">0</field>
            <field name="19">0</field>
            <field name="20">2</field>
            <field name="21">2</field>
            <field name="22">2</field>
            <field name="23">2</field>
            <field name="24">2</field>
            <field name="25">2</field>
            <next>
              <block type="imagecreate" id="p*!5{EP3@K/y7MG2aJ-c">
                <field name="image">frame3</field>
                <field name="1">2</field>
                <field name="2">2</field>
                <field name="3">2</field>
                <field name="4">2</field>
                <field name="5">2</field>
                <field name="6">2</field>
                <field name="7">0</field>
                <field name="8">9</field>
                <field name="9">0</field>
                <field name="10">2</field>
                <field name="11">2</field>
                <field name="12">9</field>
                <field name="13">0</field>
                <field name="14">9</field>
                <field name="15">2</field>
                <field name="16">2</field>
                <field name="17">0</field>
                <field name="18">9</field>
                <field name="19">0</field>
                <field name="20">2</field>
                <field name="21">2</field>
                <field name="22">2</field>
                <field name="23">2</field>
                <field name="24">2</field>
                <field name="25">2</field>
                <next>
                  <block type="imagecreate" id=".6l~+a^Pz/r]h!4(D@V]">
                    <field name="image">frame4</field>
                    <field name="1">2</field>
                    <field name="2">2</field>
                    <field name="3">2</field>
                    <field name="4">2</field>
                    <field name="5">2</field>
                    <field name="6">2</field>
                    <field name="7">9</field>
                    <field name="8">0</field>
                    <field name="9">9</field>
                    <field name="10">2</field>
                    <field name="11">2</field>
                    <field name="12">0</field>
                    <field name="13">9</field>
                    <field name="14">0</field>
                    <field name="15">2</field>
                    <field name="16">2</field>
                    <field name="17">9</field>
                    <field name="18">0</field>
                    <field name="19">9</field>
                    <field name="20">2</field>
                    <field name="21">2</field>
                    <field name="22">2</field>
                    <field name="23">2</field>
                    <field name="24">2</field>
                    <field name="25">2</field>
                    <next>
                      <block type="imagecreate" id="2].1qz*jT(+*(l-8YXmK">
                        <field name="image">frame5</field>
                        <field name="1">2</field>
                        <field name="2">2</field>
                        <field name="3">2</field>
                        <field name="4">2</field>
                        <field name="5">2</field>
                        <field name="6">2</field>
                        <field name="7">9</field>
                        <field name="8">9</field>
                        <field name="9">9</field>
                        <field name="10">2</field>
                        <field name="11">2</field>
                        <field name="12">9</field>
                        <field name="13">9</field>
                        <field name="14">9</field>
                        <field name="15">2</field>
                        <field name="16">2</field>
                        <field name="17">9</field>
                        <field name="18">9</field>
                        <field name="19">9</field>
                        <field name="20">2</field>
                        <field name="21">2</field>
                        <field name="22">2</field>
                        <field name="23">2</field>
                        <field name="24">2</field>
                        <field name="25">2</field>
                        <next>
                          <block type="equalsblock" id="f7OjRg.%b`0tatJ/S)*t">
                            <field name="1">myFrames</field>
                            <field name="2">[]</field>
                            <next>
                              <block type="typeanything" id="Pm?`hi=W2Ycd=n[CZ0|^">
                                <field name="stuff">myFrames.append(frame1)</field>
                                <next>
                                  <block type="typeanything" id="Y/c`Nw;:|xeg1RVl19me">
                                    <field name="stuff">myFrames.append(frame2)</field>
                                    <next>
                                      <block type="typeanything" id="[Gs^:v}Ne/mWr^)|E`QB">
                                        <field name="stuff">myFrames.append(frame3)</field>
                                        <next>
                                          <block type="typeanything" id=",RD?wWVj4mFjlJ(uitmf">
                                            <field name="stuff">myFrames.append(frame4)</field>
                                            <next>
                                              <block type="typeanything" id="KgUbr7Luka4I5%oL98n6">
                                                <field name="stuff">myFrames.append(frame5)</field>
                                                <next>
                                                  <block type="equalsblock" id="RiF6Eqvlt^~Qs`~0j)N-">
                                                    <field name="1">delay</field>
                                                    <field name="2">500</field>
                                                    <next>
                                                      <block type="scrollvar" id="5fxmKrRt}CO8zUX!WG?]">
                                                        <field name="message">"My Animation Program v1"</field>
                                                        <next>
                                                          <block type="sleep" id="-KME0o?5ua@l.!aZZa@/">
                                                            <field name="sleep">delay</field>
                                                            <next>
                                                              <block type="equalsblock" id="alT~@6r?UyA7{!--LfFx">
                                                                <field name="1">animationOn</field>
                                                                <field name="2">False</field>
                                                                <next>
                                                                  <block type="whileout" id="|gqGA*O8XLFn%TFO%{#%">
                                                                    <value name="cond">
                                                                      <shadow type="textinline" id="2E`Uc@`whmGBRQo:ks6~">
                                                                        <field name="text">True</field>
                                                                      </shadow>
                                                                    </value>
                                                                    <statement name="DO">
                                                                      <block type="image" id="-q%.zkkY7t~xT0Z~?__)">
                                                                        <field name="image">Image.ARROW_W</field>
                                                                        <next>
                                                                          <block type="sleep" id="aveSd0+KhXe/CH}OwrG4">
                                                                            <field name="sleep">delay</field>
                                                                            <next>
                                                                              <block type="ifinline" id="a,!YYhD}DJgSi.xg8)iY">
                                                                                <value name="iftext">
                                                                                  <shadow type="textinline" id="P-/DfZ=Cc|*1x{)=*x;(">
                                                                                    <field name="text">True</field>
                                                                                  </shadow>
                                                                                  <block type="buttonispressed" id="fz`9CWtj3MzH4AIrJ?2=">
                                                                                    <field name="NAME">a</field>
                                                                                  </block>
                                                                                </value>
                                                                                <statement name="ifstate">
                                                                                  <block type="equalsblock" id="Tr#/h%L%c{9U-0^Mp5Cp">
                                                                                    <field name="1">animationOn</field>
                                                                                    <field name="2">True</field>
                                                                                  </block>
                                                                                </statement>
                                                                                <next>
                                                                                  <block type="whileout" id="yN`m(:-f3@evNWOLVN@2">
                                                                                    <value name="cond">
                                                                                      <shadow type="textinline" id="a-+WXO@69a.F{4JTS,;e">
                                                                                        <field name="text">True</field>
                                                                                      </shadow>
                                                                                      <block type="textinline" id="a=t3}oZZv4Q3LE*M3#h`">
                                                                                        <field name="text">animationOn</field>
                                                                                      </block>
                                                                                    </value>
                                                                                    <statement name="DO">
                                                                                      <block type="for" id="M*}1]9%rulex:uI33oOZ">
                                                                                        <field name="letter">img</field>
                                                                                        <field name="no">0, len(myFrames), 1</field>
                                                                                        <statement name="DO">
                                                                                          <block type="ifinline" id="HFzk*xs#+=gZ#bP=k30O">
                                                                                            <value name="iftext">
                                                                                              <shadow type="textinline" id="[CVO9S]*krb,Y.j^lUal">
                                                                                                <field name="text">True</field>
                                                                                              </shadow>
                                                                                              <block type="buttonispressed" id="yv)4MJhhB(hSP3h)^O;J">
                                                                                                <field name="NAME">b</field>
                                                                                              </block>
                                                                                            </value>
                                                                                            <statement name="ifstate">
                                                                                              <block type="equalsblock" id="6zU;QDvud.a6dCs|9czA">
                                                                                                <field name="1">animationOn</field>
                                                                                                <field name="2">False</field>
                                                                                                <next>
                                                                                                  <block type="typeanything" id="7;L!+b4f`10PAB@=/wD!">
                                                                                                    <field name="stuff">continue</field>
                                                                                                  </block>
                                                                                                </next>
                                                                                              </block>
                                                                                            </statement>
                                                                                            <next>
                                                                                              <block type="image" id="pX+5akwJQwE+yw2|^4G(">
                                                                                                <field name="image">myFrames[img]</field>
                                                                                                <next>
                                                                                                  <block type="sleep" id="Q*z~+4d1i[pO!NV{2}+L">
                                                                                                    <field name="sleep">delay</field>
                                                                                                  </block>
                                                                                                </next>
                                                                                              </block>
                                                                                            </next>
                                                                                          </block>
                                                                                        </statement>
                                                                                        <next>
                                                                                          <block type="for" id="T|E+VV.do(x3u;Cxx:AK">
                                                                                            <field name="letter">img</field>
                                                                                            <field name="no">len(myFrames) - 1, 0, -1</field>
                                                                                            <statement name="DO">
                                                                                              <block type="ifinline" id="QC~ksYM6E,%LEK~2?xYe">
                                                                                                <value name="iftext">
                                                                                                  <shadow type="textinline" id="[CVO9S]*krb,Y.j^lUal">
                                                                                                    <field name="text">True</field>
                                                                                                  </shadow>
                                                                                                  <block type="buttonispressed" id="t^H%JDE:1U2da^]1+_%Z">
                                                                                                    <field name="NAME">b</field>
                                                                                                  </block>
                                                                                                </value>
                                                                                                <statement name="ifstate">
                                                                                                  <block type="equalsblock" id="T;*{RBw?n}u_vmVj)3Vv">
                                                                                                    <field name="1">animationOn</field>
                                                                                                    <field name="2">False</field>
                                                                                                    <next>
                                                                                                      <block type="typeanything" id="BM!E,Rro7wC.S3t_eJ=!">
                                                                                                        <field name="stuff">continue</field>
                                                                                                      </block>
                                                                                                    </next>
                                                                                                  </block>
                                                                                                </statement>
                                                                                                <next>
                                                                                                  <block type="image" id="m_6{9[,QCVB8=3MblFB;">
                                                                                                    <field name="image">myFrames[img]</field>
                                                                                                    <next>
                                                                                                      <block type="sleep" id="yc}+:9OsqO64719[bUS7">
                                                                                                        <field name="sleep">delay</field>
                                                                                                      </block>
                                                                                                    </next>
                                                                                                  </block>
                                                                                                </next>
                                                                                              </block>
                                                                                            </statement>
                                                                                          </block>
                                                                                        </next>
                                                                                      </block>
                                                                                    </statement>
                                                                                    <next>
                                                                                      <block type="disclear" id="/uQSZ~o/6m%5^8!khgy^">
                                                                                        <next>
                                                                                          <block type="sleep" id="t8IuU=9%fX#5mz_Nwur*">
                                                                                            <field name="sleep">delay</field>
                                                                                          </block>
                                                                                        </next>
                                                                                      </block>
                                                                                    </next>
                                                                                  </block>
                                                                                </next>
                                                                              </block>
                                                                            </next>
                                                                          </block>
                                                                        </next>
                                                                      </block>
                                                                    </statement>
                                                                  </block>
                                                                </next>
                                                              </block>
                                                            </next>
                                                          </block>
                                                        </next>
                                                      </block>
                                                    </next>
                                                  </block>
                                                </next>
                                              </block>
                                            </next>
                                          </block>
                                        </next>
                                      </block>
                                    </next>
                                  </block>
                                </next>
                              </block>
                            </next>
                          </block>
                        </next>
                      </block>
                    </next>
                  </block>
                </next>
              </block>
            </next>
          </block>
        </next>
      </block>
    </next>
  </block>
</xml>