<xml xmlns="http://www.w3.org/1999/xhtml">
  <block type="import_microbit" id="]8u|l#v)#^ia-6V{GrQX" x="104" y="-289">
    <next>
      <block type="random" id=":a;w!QAm%@q5^VHIrrYr">
        <next>
          <block type="importneo" id="~AXOn8-IQovMRGwp+?^Z">
            <next>
              <block type="equalsblock" id="8fMDQH?2WpIkvlTR_Wm!">
                <field name="1">numLEDs</field>
                <field name="2">8</field>
                <next>
                  <block type="equalsblock" id="NgyK+/k:jZ+?9VHS?@w;">
                    <field name="1">mb</field>
                    <field name="2">32</field>
                    <next>
                      <block type="equalsblock" id="u41#Fn+xTc@{`Xd8`;Bk">
                        <field name="1">delay</field>
                        <field name="2">333</field>
                        <next>
                          <block type="equalsblock" id="`N[%!4HAbRK|6r+Ik@xW">
                            <field name="1">colors</field>
                            <field name="2">[]</field>
                            <next>
                              <block type="typeanything" id="z55tp!|/EK]hp`iaMei/">
                                <field name="stuff">colors.append((0,0,0))</field>
                                <next>
                                  <block type="typeanything" id="%Zx07Yk,,|~N2R%CR{S6">
                                    <field name="stuff">colors.append((mb,0,0))</field>
                                    <next>
                                      <block type="typeanything" id="jW21FVE3sRmsUN;QW|tx">
                                        <field name="stuff">colors.append((mb,mb,0))</field>
                                        <next>
                                          <block type="typeanything" id="Tb=]TrLasm+=O`4f^*E(">
                                            <field name="stuff">colors.append((mb,mb//2,0))</field>
                                            <next>
                                              <block type="typeanything" id="Aoq{nRn.0yE+4@cZo04w">
                                                <field name="stuff">colors.append((0,mb,0))</field>
                                                <next>
                                                  <block type="typeanything" id="?B9TPYIO)hw{p0cGL}3J">
                                                    <field name="stuff">colors.append((0,mb,mb))</field>
                                                    <next>
                                                      <block type="typeanything" id=";XEQM85`#x}m[W^-33xJ">
                                                        <field name="stuff">colors.append((0,0,mb))</field>
                                                        <next>
                                                          <block type="typeanything" id="I87!1LZL[_.]K/QEi@fa">
                                                            <field name="stuff">colors.append((mb//3,0,2*mb//2))</field>
                                                            <next>
                                                              <block type="typeanything" id="ka_.sYPj{)hZ6OpfLUva">
                                                                <field name="stuff">colors.append((mb,0,mb))</field>
                                                                <next>
                                                                  <block type="typeanything" id="nSyl]0]:VaOQu/yQ4v/^">
                                                                    <field name="stuff">colors.append((mb,mb,mb))</field>
                                                                    <next>
                                                                      <block type="scrollvar" id="P#Ly@}yX7ic_n_^1,o!B">
                                                                        <field name="message">"NeoPixel Demo"</field>
                                                                        <next>
                                                                          <block type="setneo" id="%/CjtF7=U^|cO-~0sqHN">
                                                                            <field name="NAME">np</field>
                                                                            <field name="inputneo">pin0, numLEDs</field>
                                                                            <next>
                                                                              <block type="whileout" id="d}Ma_=8Te9s;^0O=I2fL">
                                                                                <value name="cond">
                                                                                  <shadow type="textinline" id="DfrGkTa5uPHsT-66[f06">
                                                                                    <field name="text">True</field>
                                                                                  </shadow>
                                                                                </value>
                                                                                <statement name="DO">
                                                                                  <block type="for" id="X;{wUvHtNvVJdw.C9Ky2">
                                                                                    <field name="letter">i</field>
                                                                                    <field name="no">0, numLEDs</field>
                                                                                    <statement name="DO">
                                                                                      <block type="equalsblock" id="BW6w)SE,3A(u%M8N_t{r">
                                                                                        <field name="1">np[i]</field>
                                                                                        <field name="2">colors[random.randint(1,9)]</field>
                                                                                        <next>
                                                                                          <block type="typeanything" id="Lo7:QBy+EuxNQn0gk!W~">
                                                                                            <field name="stuff">np.show()</field>
                                                                                            <next>
                                                                                              <block type="sleep" id="C67ZY,?=CA|0Xfa]dGGE">
                                                                                                <field name="sleep">delay</field>
                                                                                              </block>
                                                                                            </next>
                                                                                          </block>
                                                                                        </next>
                                                                                      </block>
                                                                                    </statement>
                                                                                    <next>
                                                                                      <block type="for" id="mtKL2sAB4sZ8*;`5rU#D">
                                                                                        <field name="letter">i</field>
                                                                                        <field name="no">numLEDs-1,0,-1</field>
                                                                                        <statement name="DO">
                                                                                          <block type="equalsblock" id="19NR2{nwIT.!iw]]No*]">
                                                                                            <field name="1">np[i]</field>
                                                                                            <field name="2">colors[random.randint(1,9)]</field>
                                                                                            <next>
                                                                                              <block type="typeanything" id="L:Ydqi-mb8V^t%H}%xV6">
                                                                                                <field name="stuff">np.show()</field>
                                                                                                <next>
                                                                                                  <block type="sleep" id="iFd/IW;(wmv-m%eSOXnM">
                                                                                                    <field name="sleep">delay</field>
                                                                                                  </block>
                                                                                                </next>
                                                                                              </block>
                                                                                            </next>
                                                                                          </block>
                                                                                        </statement>
                                                                                      </block>
                                                                                    </next>
                                                                                  </block>
                                                                                </statement>
                                                                              </block>
                                                                            </next>
                                                                          </block>
                                                                        </next>
                                                                      </block>
                                                                    </next>
                                                                  </block>
                                                                </next>
                                                              </block>
                                                            </next>
                                                          </block>
                                                        </next>
                                                      </block>
                                                    </next>
                                                  </block>
                                                </next>
                                              </block>
                                            </next>
                                          </block>
                                        </next>
                                      </block>
                                    </next>
                                  </block>
                                </next>
                              </block>
                            </next>
                          </block>
                        </next>
                      </block>
                    </next>
                  </block>
                </next>
              </block>
            </next>
          </block>
        </next>
      </block>
    </next>
  </block>
</xml>