<xml xmlns="http://www.w3.org/1999/xhtml">
  <block type="import_microbit" id="y9nd7Sjp(cEz5;C::,Qy" x="-515" y="-428">
    <next>
      <block type="equalsblock" id="/R=jWW6NunG0e_7SS4:A">
        <field name="1">pot1Val</field>
        <field name="2">0</field>
        <next>
          <block type="equalsblock" id=";)=@cUNU[01fxteJ|0IQ">
            <field name="1">rangeSelected</field>
            <field name="2">""</field>
            <next>
              <block type="whileout" id="AK^9r!(eSJObV9m81A`j">
                <value name="cond">
                  <shadow type="textinline" id="2x]AY/F9p,z,wrsng7MY">
                    <field name="text">True</field>
                  </shadow>
                </value>
                <statement name="DO">
                  <block type="varinlines" id="XNvy/:`r|8V#RGE]^z:.">
                    <field name="NAME">pot1Val</field>
                    <field name="text">=</field>
                    <value name="NAME">
                      <block type="analogread" id="3OM*YDv@c@Yaqq_Leq!B">
                        <field name="pinno">1</field>
                      </block>
                    </value>
                    <next>
                      <block type="ifinline" id="170(pl`.zK7^EN!V~sS!">
                        <value name="iftext">
                          <shadow type="textinline" id="6P.If1n0rTrFsNa!W%eA">
                            <field name="text">True</field>
                          </shadow>
                          <block type="internal" id="TaYJf#w,w4fu2^7.Ypci">
                            <field name="choose">&lt;</field>
                            <value name="first">
                              <shadow type="textinline" id="e@fUpiU,F4YbK-]U]N`I">
                                <field name="text">pot1Val</field>
                              </shadow>
                            </value>
                            <value name="last">
                              <shadow type="textinline" id="I3vT|[7D@Mj6z-5+Kj~6">
                                <field name="text">100</field>
                              </shadow>
                            </value>
                          </block>
                        </value>
                        <statement name="ifstate">
                          <block type="equalsblock" id="abu}j@0KzAv,Ye:+Q`q6">
                            <field name="1">range</field>
                            <field name="2">"0 to 99"</field>
                            <next>
                              <block type="disclear" id="eu|[4%=I*%^%bFw3+7~r">
                                <next>
                                  <block type="setpixel" id=")Qx-hO8Q?vYx;RV@SR_n">
                                    <field name="setpix">0,0,9</field>
                                  </block>
                                </next>
                              </block>
                            </next>
                          </block>
                        </statement>
                        <next>
                          <block type="elifinline" id="n{0tJ`Gu5(?@*Z:7]moZ">
                            <value name="iftext">
                              <shadow type="textinline" id="=yPRukyl49;.+awPY;rN">
                                <field name="text">True</field>
                              </shadow>
                              <block type="internal" id="I8nEs5nojw]NA23{p2_7">
                                <field name="choose">&lt;</field>
                                <value name="first">
                                  <shadow type="textinline" id="}v#*[zwzc1h)ojTY(2f=">
                                    <field name="text">pot1Val</field>
                                  </shadow>
                                </value>
                                <value name="last">
                                  <shadow type="textinline" id="p~{06dR!E2#6!C{n.GUv">
                                    <field name="text">200</field>
                                  </shadow>
                                </value>
                              </block>
                            </value>
                            <statement name="ifstate">
                              <block type="equalsblock" id="*1}))D1j9+]Zx]qv.Q16">
                                <field name="1">range</field>
                                <field name="2">"100 to 199"</field>
                                <next>
                                  <block type="disclear" id="_m0{Wpb7l`2k.S6k(FG7">
                                    <next>
                                      <block type="setpixel" id="kF@qT`L~e:MSLN*5z{X4">
                                        <field name="setpix">1,0,9</field>
                                      </block>
                                    </next>
                                  </block>
                                </next>
                              </block>
                            </statement>
                            <next>
                              <block type="elifinline" id="zjLgT!EfU%ljSI7JK+0a">
                                <value name="iftext">
                                  <shadow type="textinline" id="=yPRukyl49;.+awPY;rN">
                                    <field name="text">True</field>
                                  </shadow>
                                  <block type="internal" id="2dO[n`eF[e!yr~.pJQP{">
                                    <field name="choose">&lt;</field>
                                    <value name="first">
                                      <shadow type="textinline" id="0K*WDwa6F_k2*.9}BR?h">
                                        <field name="text">pot1Val</field>
                                      </shadow>
                                    </value>
                                    <value name="last">
                                      <shadow type="textinline" id="X/w~YN%zSJJdn.X8)gmJ">
                                        <field name="text">300</field>
                                      </shadow>
                                    </value>
                                  </block>
                                </value>
                                <statement name="ifstate">
                                  <block type="equalsblock" id="F3%}fW:`wS=}^zQfklfH">
                                    <field name="1">range</field>
                                    <field name="2">"200 to 299"</field>
                                    <next>
                                      <block type="disclear" id="fizWV+HSth?QSfDyS@fq">
                                        <next>
                                          <block type="setpixel" id="Zu5|,=(+~z(/=^N~T(5Q">
                                            <field name="setpix">2,0,9</field>
                                          </block>
                                        </next>
                                      </block>
                                    </next>
                                  </block>
                                </statement>
                                <next>
                                  <block type="elifinline" id="40%2-cum37vln5G{1)Jg">
                                    <value name="iftext">
                                      <shadow type="textinline" id="=yPRukyl49;.+awPY;rN">
                                        <field name="text">True</field>
                                      </shadow>
                                      <block type="internal" id="7LK+gAokib(bGV+%;Cl(">
                                        <field name="choose">&lt;</field>
                                        <value name="first">
                                          <shadow type="textinline" id="LN!+Xt^=gy!rP.KU!2QM">
                                            <field name="text">pot1Val</field>
                                          </shadow>
                                        </value>
                                        <value name="last">
                                          <shadow type="textinline" id="0N2^cU]cZ9W/^Ry^Xw,x">
                                            <field name="text">400</field>
                                          </shadow>
                                        </value>
                                      </block>
                                    </value>
                                    <statement name="ifstate">
                                      <block type="equalsblock" id="uakkc2HowI-e`q~o7e}X">
                                        <field name="1">range</field>
                                        <field name="2">"300 to 399"</field>
                                        <next>
                                          <block type="disclear" id=":8%]M2q?p@T1OG]tsG.q">
                                            <next>
                                              <block type="setpixel" id="P;oBtUc:goWEE;x@r+*W">
                                                <field name="setpix">3,0,9</field>
                                              </block>
                                            </next>
                                          </block>
                                        </next>
                                      </block>
                                    </statement>
                                    <next>
                                      <block type="elifinline" id="7GN}Rx0Ndd8-%7ann/x}">
                                        <value name="iftext">
                                          <shadow type="textinline" id="=yPRukyl49;.+awPY;rN">
                                            <field name="text">True</field>
                                          </shadow>
                                          <block type="internal" id="J*sLsx7XEbu{EY1x:NKj">
                                            <field name="choose">&lt;</field>
                                            <value name="first">
                                              <shadow type="textinline" id="N2T0m0FcAa]Et7lC)yYX">
                                                <field name="text">pot1Val</field>
                                              </shadow>
                                            </value>
                                            <value name="last">
                                              <shadow type="textinline" id="sEeW0CCqqP7z{ftiVHB9">
                                                <field name="text">500</field>
                                              </shadow>
                                            </value>
                                          </block>
                                        </value>
                                        <statement name="ifstate">
                                          <block type="equalsblock" id="uJyS3%APy=I~R@y5TtG+">
                                            <field name="1">range</field>
                                            <field name="2">"400 to 499"</field>
                                            <next>
                                              <block type="disclear" id="g|5{}A8QV?Bf@1{`f^^c">
                                                <next>
                                                  <block type="setpixel" id="JPDOZbM=mk0JW?*PD.#!">
                                                    <field name="setpix">4,0,9</field>
                                                  </block>
                                                </next>
                                              </block>
                                            </next>
                                          </block>
                                        </statement>
                                        <next>
                                          <block type="elifinline" id="JrEO0L,y*km8D0BAVU_l">
                                            <value name="iftext">
                                              <shadow type="textinline" id="=yPRukyl49;.+awPY;rN">
                                                <field name="text">True</field>
                                              </shadow>
                                              <block type="internal" id="d;C*{1~LS5nxC=Ik4*Jj">
                                                <field name="choose">&lt;</field>
                                                <value name="first">
                                                  <shadow type="textinline" id="_Um#/bek6+|!^GBXi4{W">
                                                    <field name="text">pot1Val</field>
                                                  </shadow>
                                                </value>
                                                <value name="last">
                                                  <shadow type="textinline" id="}wgz0dGmT6T@ZjDFxXW(">
                                                    <field name="text">600</field>
                                                  </shadow>
                                                </value>
                                              </block>
                                            </value>
                                            <statement name="ifstate">
                                              <block type="equalsblock" id="s:wjy@-PA#qON#4C7`Kr">
                                                <field name="1">range</field>
                                                <field name="2">"500 to 599"</field>
                                                <next>
                                                  <block type="disclear" id="haVv__tNY2CK02%[`3Q!">
                                                    <next>
                                                      <block type="setpixel" id="(;S2yQ(feYA!P)@PvBuO">
                                                        <field name="setpix">0,1,9</field>
                                                      </block>
                                                    </next>
                                                  </block>
                                                </next>
                                              </block>
                                            </statement>
                                            <next>
                                              <block type="elifinline" id="fpKT@=Z:`.}M@)8*ge=!">
                                                <value name="iftext">
                                                  <shadow type="textinline" id="=yPRukyl49;.+awPY;rN">
                                                    <field name="text">True</field>
                                                  </shadow>
                                                  <block type="internal" id="8tCAlnZiQ|AC*L+=/H3e">
                                                    <field name="choose">&lt;</field>
                                                    <value name="first">
                                                      <shadow type="textinline" id="eKqEeLXHC!YRM(M(p/W.">
                                                        <field name="text">pot1Val</field>
                                                      </shadow>
                                                    </value>
                                                    <value name="last">
                                                      <shadow type="textinline" id="bR#;OcS@nBsUCnSHU,51">
                                                        <field name="text">700</field>
                                                      </shadow>
                                                    </value>
                                                  </block>
                                                </value>
                                                <statement name="ifstate">
                                                  <block type="equalsblock" id="5y=Z|IMpzc4/zf=p3Li7">
                                                    <field name="1">range</field>
                                                    <field name="2">"600 to 699"</field>
                                                    <next>
                                                      <block type="disclear" id="1BPt4v}(iu(v?E6:D.]k">
                                                        <next>
                                                          <block type="setpixel" id="s#5Y#ZSlPu?`#1n3W~qF">
                                                            <field name="setpix">1,1,9</field>
                                                          </block>
                                                        </next>
                                                      </block>
                                                    </next>
                                                  </block>
                                                </statement>
                                                <next>
                                                  <block type="elifinline" id="JX0AaO;}T5r#Z8GR^i{n">
                                                    <value name="iftext">
                                                      <shadow type="textinline" id="=yPRukyl49;.+awPY;rN">
                                                        <field name="text">True</field>
                                                      </shadow>
                                                      <block type="internal" id="[`]QJYjs62zUntr73%sK">
                                                        <field name="choose">&lt;</field>
                                                        <value name="first">
                                                          <shadow type="textinline" id="JI_If5:nI7inrqq@@E,+">
                                                            <field name="text">pot1Val</field>
                                                          </shadow>
                                                        </value>
                                                        <value name="last">
                                                          <shadow type="textinline" id="~{_/~Wvn,0n4cgWJ,`]2">
                                                            <field name="text">800</field>
                                                          </shadow>
                                                        </value>
                                                      </block>
                                                    </value>
                                                    <statement name="ifstate">
                                                      <block type="equalsblock" id="0iTDC1YEVt1RCds/~yoD">
                                                        <field name="1">range</field>
                                                        <field name="2">"700 to 799"</field>
                                                        <next>
                                                          <block type="disclear" id="va@|_W{6rtxHL7XHclDX">
                                                            <next>
                                                              <block type="setpixel" id="OF))F8k%=I`6KMH(o4).">
                                                                <field name="setpix">2,1,9</field>
                                                              </block>
                                                            </next>
                                                          </block>
                                                        </next>
                                                      </block>
                                                    </statement>
                                                    <next>
                                                      <block type="elifinline" id="Mx.fyVC@R-zykdQ`:opB">
                                                        <value name="iftext">
                                                          <shadow type="textinline" id="=yPRukyl49;.+awPY;rN">
                                                            <field name="text">True</field>
                                                          </shadow>
                                                          <block type="internal" id="bh#dF.N6)eJPx(9Ybi82">
                                                            <field name="choose">&lt;</field>
                                                            <value name="first">
                                                              <shadow type="textinline" id="+z@[xpw:~k`]HYjLRXA_">
                                                                <field name="text">pot1Val</field>
                                                              </shadow>
                                                            </value>
                                                            <value name="last">
                                                              <shadow type="textinline" id="HdbTOU;BL}j]j7rG=0Hv">
                                                                <field name="text">900</field>
                                                              </shadow>
                                                            </value>
                                                          </block>
                                                        </value>
                                                        <statement name="ifstate">
                                                          <block type="equalsblock" id="p%hw=g@c8=latCm%z#R^">
                                                            <field name="1">range</field>
                                                            <field name="2">"800 to 899"</field>
                                                            <next>
                                                              <block type="disclear" id="(_x,v=R-.EkYja2**7VJ">
                                                                <next>
                                                                  <block type="setpixel" id="B0pSc%?*rDhGU;PV(,`:">
                                                                    <field name="setpix">3,1,9</field>
                                                                  </block>
                                                                </next>
                                                              </block>
                                                            </next>
                                                          </block>
                                                        </statement>
                                                        <next>
                                                          <block type="else" id="Iau4sYt6B,N%kB%MH6p%">
                                                            <statement name="DO">
                                                              <block type="equalsblock" id="o)a{zCinY)}p(h^FAzEH">
                                                                <field name="1">range</field>
                                                                <field name="2">"900 to 1023"</field>
                                                                <next>
                                                                  <block type="disclear" id="sGgFtm=f:G]CW+{8T)=s">
                                                                    <next>
                                                                      <block type="setpixel" id="e~wR^{#Q?%LdR2#w.,4!">
                                                                        <field name="setpix">4,1,9</field>
                                                                      </block>
                                                                    </next>
                                                                  </block>
                                                                </next>
                                                              </block>
                                                            </statement>
                                                            <next>
                                                              <block type="sleep" id="khbqmzJu{tF|6F{*P1WE">
                                                                <field name="sleep">500</field>
                                                                <next>
                                                                  <block type="ifinline" id="^pIcR#!_ry6^y0~v!.C[">
                                                                    <value name="iftext">
                                                                      <shadow type="textinline" id="fw3;sJuMnM9f;#n|x+%#">
                                                                        <field name="text">True</field>
                                                                      </shadow>
                                                                      <block type="buttonispressed" id="UHC(`rbZ!u/LEgz%lv[l">
                                                                        <field name="NAME">a</field>
                                                                      </block>
                                                                    </value>
                                                                    <statement name="ifstate">
                                                                      <block type="scrollvar" id="yux-QwQt4h546i=OG@el">
                                                                        <field name="message">"Range: " + range</field>
                                                                        <next>
                                                                          <block type="sleep" id="38KI9-8Kdit~`j**Ulr[">
                                                                            <field name="sleep">500</field>
                                                                          </block>
                                                                        </next>
                                                                      </block>
                                                                    </statement>
                                                                    <next>
                                                                      <block type="ifinline" id="hwj^i?^`oF}XDXFG|KuS">
                                                                        <value name="iftext">
                                                                          <shadow type="textinline" id="UAV4Z9oxYlZ]SVuOJugQ">
                                                                            <field name="text">True</field>
                                                                          </shadow>
                                                                          <block type="buttonispressed" id="JeC}wU]f-](NwNOWs#;%">
                                                                            <field name="NAME">b</field>
                                                                          </block>
                                                                        </value>
                                                                        <statement name="ifstate">
                                                                          <block type="scrollvar" id="+bGFP)K^FfzXiB2H-d0s">
                                                                            <field name="message">"Actual value: " + str(pot1Val)</field>
                                                                            <next>
                                                                              <block type="sleep" id="qW:jCx)*pEJosu~I3:.,">
                                                                                <field name="sleep">500</field>
                                                                              </block>
                                                                            </next>
                                                                          </block>
                                                                        </statement>
                                                                      </block>
                                                                    </next>
                                                                  </block>
                                                                </next>
                                                              </block>
                                                            </next>
                                                          </block>
                                                        </next>
                                                      </block>
                                                    </next>
                                                  </block>
                                                </next>
                                              </block>
                                            </next>
                                          </block>
                                        </next>
                                      </block>
                                    </next>
                                  </block>
                                </next>
                              </block>
                            </next>
                          </block>
                        </next>
                      </block>
                    </next>
                  </block>
                </statement>
              </block>
            </next>
          </block>
        </next>
      </block>
    </next>
  </block>
</xml>