<xml xmlns="http://www.w3.org/1999/xhtml">
  <block type="import_microbit" id="794(O4N,PlYk|og/Xw0{" x="55" y="3">
    <next>
      <block type="equalsblock" id="]@}M?s?wAqtb5f|-*D?q">
        <field name="1">team_A_score</field>
        <field name="2">0</field>
        <next>
          <block type="equalsblock" id="_PFo0:D*F/ljhl0pYR5/">
            <field name="1">team_B_score</field>
            <field name="2">0</field>
            <next>
              <block type="image" id="gW0GN2,KQ#q+9FG0aU.W">
                <field name="image">Image.HAPPY</field>
                <next>
                  <block type="sleep" id="3!myg,C=ZRA_A{M2YK]2">
                    <field name="sleep">2000</field>
                    <next>
                      <block type="disclear" id="lZR@o*lQ0Y#|B,JX)Jg7">
                        <next>
                          <block type="whileout" id="OROy:FyoMnByz*!H}mmv">
                            <value name="cond">
                              <shadow type="textinline" id="TA(L6i1Ofk[QCnkae27h">
                                <field name="text">True</field>
                              </shadow>
                            </value>
                            <statement name="DO">
                              <block type="ifinline" id="Auls]DR%SnSB-h@:%YsQ">
                                <value name="iftext">
                                  <shadow type="textinline" id="j^YA1%3;gHtev)iRzUV_">
                                    <field name="text">True</field>
                                  </shadow>
                                  <block type="internal" id="|TFk?y.v%*hf|YqoLCqJ">
                                    <field name="choose">and</field>
                                    <value name="first">
                                      <shadow type="textinline" id="~C~kn_g3vaU78UDc:Cs#">
                                        <field name="text">0</field>
                                      </shadow>
                                      <block type="buttonispressed" id="XXH=+L#PiN`z:RG/JhWK">
                                        <field name="NAME">a</field>
                                      </block>
                                    </value>
                                    <value name="last">
                                      <shadow type="textinline" id="JQ/7s]Vjp`e_xq.)wvrP">
                                        <field name="text">0</field>
                                      </shadow>
                                      <block type="buttonispressed" id="Ui_u?-*S6ZMOJX!oM-R^">
                                        <field name="NAME">b</field>
                                      </block>
                                    </value>
                                  </block>
                                </value>
                                <statement name="ifstate">
                                  <block type="scrollvar" id="9P0sMC(u=U^:z:r|eftu">
                                    <field name="message">"A=" + str(team_A_score)</field>
                                    <next>
                                      <block type="scrollvar" id="(*#j3;Z|jImO+y+nFo,Z">
                                        <field name="message">"B=" + str(team_B_score)</field>
                                      </block>
                                    </next>
                                  </block>
                                </statement>
                                <next>
                                  <block type="equalsblock" id="QAsip-fG6bVYpL3?EhAt">
                                    <field name="1">gesture</field>
                                    <field name="2">accelerometer.current_gesture()</field>
                                    <next>
                                      <block type="ifinline" id="ZwaUX*D54D0__!BV%dw7">
                                        <value name="iftext">
                                          <shadow type="textinline" id="tBoh!v)Ia-}d(9(g%o9G">
                                            <field name="text">True</field>
                                          </shadow>
                                          <block type="internal" id="}`5-H7p8:4Y,7Xn4*u(k">
                                            <field name="choose">and</field>
                                            <value name="first">
                                              <shadow type="textinline" id="k#wZD~vX=FI6l@@:1Za;">
                                                <field name="text">0</field>
                                              </shadow>
                                              <block type="buttonispressed" id="TSY_1)4@(ct-=Bv)4TiO">
                                                <field name="NAME">a</field>
                                              </block>
                                            </value>
                                            <value name="last">
                                              <shadow type="textinline" id="W,;Y9;m%(yeHk9d#3+n,">
                                                <field name="text">0</field>
                                              </shadow>
                                              <block type="internal" id=")0z!C]mDdTnJY^tL%=0j">
                                                <field name="choose">!=</field>
                                                <value name="first">
                                                  <shadow type="textinline" id="HI|}R[-@@|T#W-H4_n^B">
                                                    <field name="text">gesture</field>
                                                  </shadow>
                                                </value>
                                                <value name="last">
                                                  <shadow type="textinline" id="--GleNnPM[V3[wu!o-gB">
                                                    <field name="text">"up"</field>
                                                  </shadow>
                                                </value>
                                              </block>
                                            </value>
                                          </block>
                                        </value>
                                        <statement name="ifstate">
                                          <block type="equalsblock" id="rHlZQ=!DX_2K15;%a^v~">
                                            <field name="1">team_A_score</field>
                                            <field name="2">team_A_score + 1</field>
                                            <next>
                                              <block type="scrollvar" id="@(L,@T.yM5|{jO,GI5+u">
                                                <field name="message">team_A_score</field>
                                              </block>
                                            </next>
                                          </block>
                                        </statement>
                                        <next>
                                          <block type="ifinline" id="mP3#BOVy2gTp7J{([L@C">
                                            <value name="iftext">
                                              <shadow type="textinline" id="tBoh!v)Ia-}d(9(g%o9G">
                                                <field name="text">True</field>
                                              </shadow>
                                              <block type="internal" id="~FPR41%Y7i7(jXg]IN*J">
                                                <field name="choose">and</field>
                                                <value name="first">
                                                  <shadow type="textinline" id="k#wZD~vX=FI6l@@:1Za;">
                                                    <field name="text">0</field>
                                                  </shadow>
                                                  <block type="buttonispressed" id="#(=!T_o?UFSA/(-T1,g-">
                                                    <field name="NAME">a</field>
                                                  </block>
                                                </value>
                                                <value name="last">
                                                  <shadow type="textinline" id="W,;Y9;m%(yeHk9d#3+n,">
                                                    <field name="text">0</field>
                                                  </shadow>
                                                  <block type="internal" id="+9|LSgqCUDCjsnz(K]|0">
                                                    <field name="choose">==</field>
                                                    <value name="first">
                                                      <shadow type="textinline" id="]0QB;s#u(^e/N4G@gHtM">
                                                        <field name="text">gesture</field>
                                                      </shadow>
                                                    </value>
                                                    <value name="last">
                                                      <shadow type="textinline" id="_3rN+Pnq;]|Lb+I]L;Wy">
                                                        <field name="text">"up"</field>
                                                      </shadow>
                                                    </value>
                                                  </block>
                                                </value>
                                              </block>
                                            </value>
                                            <statement name="ifstate">
                                              <block type="equalsblock" id="WcCVOTh_E.%~(m_(i^m;">
                                                <field name="1">team_A_score</field>
                                                <field name="2">team_A_score - 1</field>
                                                <next>
                                                  <block type="scrollvar" id="E=+qhz3i%ht|9JjNfl;s">
                                                    <field name="message">team_A_score</field>
                                                  </block>
                                                </next>
                                              </block>
                                            </statement>
                                            <next>
                                              <block type="ifinline" id="UIEqi1{OWLdK*{`CZ.YH">
                                                <value name="iftext">
                                                  <shadow type="textinline" id="tBoh!v)Ia-}d(9(g%o9G">
                                                    <field name="text">True</field>
                                                  </shadow>
                                                  <block type="internal" id="2^?e/R~eAY{`6{;y~cyR">
                                                    <field name="choose">and</field>
                                                    <value name="first">
                                                      <shadow type="textinline" id="k#wZD~vX=FI6l@@:1Za;">
                                                        <field name="text">0</field>
                                                      </shadow>
                                                      <block type="buttonispressed" id="M2,Rup^y~ohtc(j4Piz6">
                                                        <field name="NAME">b</field>
                                                      </block>
                                                    </value>
                                                    <value name="last">
                                                      <shadow type="textinline" id="W,;Y9;m%(yeHk9d#3+n,">
                                                        <field name="text">0</field>
                                                      </shadow>
                                                      <block type="internal" id="``xBm#)qr([FNa;*/Q@8">
                                                        <field name="choose">!=</field>
                                                        <value name="first">
                                                          <shadow type="textinline" id="y7gxi8.HH+`+n@Ke@MB*">
                                                            <field name="text">gesture</field>
                                                          </shadow>
                                                        </value>
                                                        <value name="last">
                                                          <shadow type="textinline" id="q{`jnSKm!*,CZKMT)-Jt">
                                                            <field name="text">"up"</field>
                                                          </shadow>
                                                        </value>
                                                      </block>
                                                    </value>
                                                  </block>
                                                </value>
                                                <statement name="ifstate">
                                                  <block type="equalsblock" id="C(S3i6qnk5Geh|O/es*p">
                                                    <field name="1">team_B_score</field>
                                                    <field name="2">team_B_score + 1</field>
                                                    <next>
                                                      <block type="scrollvar" id="Im/rFdIr`e,I(VwwHeee">
                                                        <field name="message">team_B_score</field>
                                                      </block>
                                                    </next>
                                                  </block>
                                                </statement>
                                                <next>
                                                  <block type="ifinline" id="=%#x3~5#7r-#N}#hjGon">
                                                    <value name="iftext">
                                                      <shadow type="textinline" id="tBoh!v)Ia-}d(9(g%o9G">
                                                        <field name="text">True</field>
                                                      </shadow>
                                                      <block type="internal" id="^pqYG)eb/cXQ6YWg%bHk">
                                                        <field name="choose">and</field>
                                                        <value name="first">
                                                          <shadow type="textinline" id="k#wZD~vX=FI6l@@:1Za;">
                                                            <field name="text">0</field>
                                                          </shadow>
                                                          <block type="buttonispressed" id="IZML2U-g.]Vf6++88V#(">
                                                            <field name="NAME">b</field>
                                                          </block>
                                                        </value>
                                                        <value name="last">
                                                          <shadow type="textinline" id="W,;Y9;m%(yeHk9d#3+n,">
                                                            <field name="text">0</field>
                                                          </shadow>
                                                          <block type="internal" id="2y(a7.MED{kb5o`r7dP=">
                                                            <field name="choose">==</field>
                                                            <value name="first">
                                                              <shadow type="textinline" id="hH*av[bgqnt4;O|Ayr^^">
                                                                <field name="text">gesture</field>
                                                              </shadow>
                                                            </value>
                                                            <value name="last">
                                                              <shadow type="textinline" id="(d]Mo][1uZ8(tYNGvSEl">
                                                                <field name="text">"up"</field>
                                                              </shadow>
                                                            </value>
                                                          </block>
                                                        </value>
                                                      </block>
                                                    </value>
                                                    <statement name="ifstate">
                                                      <block type="equalsblock" id="+Dk|dB){4IV%uku_j6{|">
                                                        <field name="1">team_B_score</field>
                                                        <field name="2">team_B_score - 1</field>
                                                        <next>
                                                          <block type="scrollvar" id="sK*KTkYCi_)ib1J6XpKs">
                                                            <field name="message">team_B_score</field>
                                                          </block>
                                                        </next>
                                                      </block>
                                                    </statement>
                                                    <next>
                                                      <block type="sleep" id="/XuP),Za;^fukSE([vEj">
                                                        <field name="sleep">250</field>
                                                      </block>
                                                    </next>
                                                  </block>
                                                </next>
                                              </block>
                                            </next>
                                          </block>
                                        </next>
                                      </block>
                                    </next>
                                  </block>
                                </next>
                              </block>
                            </statement>
                          </block>
                        </next>
                      </block>
                    </next>
                  </block>
                </next>
              </block>
            </next>
          </block>
        </next>
      </block>
    </next>
  </block>
</xml>